<?xml version="1.0" encoding="utf-8"?>
<!--Detailed report on module AcademicOfficer-->
<CCCC_Project>
<module_summary>
<lines_of_code value="297" level="0" />
<lines_of_code_per_member_function value="******" level="0" />
<McCabes_cyclomatic_complexity value="50" level="0" />
<McCabes_cyclomatic_complexity_per_member_function value="******" level="2" />
<lines_of_code value="7" level="0" />
<lines_of_code_per_member_function value="********" level="2" />
<lines_of_code_per_line_of_comment value="42.429" level="2" />
<McCabes_cyclomatic_complexity_per_line_of_comment value="7.143" level="1" />
<weighted_methods_per_class_unity value="8" level="0" />
<weighted_methods_per_class_visibility value="8" level="0" />
<depth_of_inheritance_tree value="2" level="0" />
<number_of_children value="0" level="0" />
<coupling_between_objects value="1" level="0" />
<IF4 value="0" level="0" />
<IF4_per_member_function value="********" level="0" />
<IF4_visible value="0" level="0" />
<IF4_visible_per_member_function value="********" level="0" />
<IF4_concrete value="0" level="0" />
<IF4_concrete_per_member_function value="********" level="0" />
</module_summary>
<module_detail>
<description>definition</description>
<source_reference file="Source.cpp" line="231" />
<lines_of_code value="4" level="0" />
<McCabes_cyclomatic_complexity value="0" level="0" />
<lines_of_comment value="0" level="0" />
<lines_of_code_per_line_of_comment value="------" level="0" />
<McCabes_cyclomatic_complexity_per_line_of_comment value="------" level="0" />
</module_detail>
<procedural_detail>
<member_function>
<name>AddCLOFromUser()</name>
<extent>
<description>declaration</description>
<source_reference file="Source.cpp" line="239" />
</extent>
<extent>
<description>definition</description>
<source_reference file="Source.cpp" line="1343" />
</extent>
<lines_of_code value="32" level="1" />
<McCabes_cyclomatic_complexity value="3" level="0" />
<lines_of_comment value="2" level="0" />
<lines_of_code_per_line_of_comment value="16.000" level="1" />
<McCabes_cyclomatic_complexity_per_line_of_comment value="------" level="0" />
</member_function>
<member_function>
<name>AddCourseFromUser()</name>
<extent>
<description>declaration</description>
<source_reference file="Source.cpp" line="238" />
</extent>
<extent>
<description>definition</description>
<source_reference file="Source.cpp" line="1313" />
</extent>
<lines_of_code value="27" level="0" />
<McCabes_cyclomatic_complexity value="2" level="0" />
<lines_of_comment value="0" level="0" />
<lines_of_code_per_line_of_comment value="******" level="2" />
<McCabes_cyclomatic_complexity_per_line_of_comment value="------" level="0" />
</member_function>
<member_function>
<name>AddEntities()</name>
<extent>
<description>declaration</description>
<source_reference file="Source.cpp" line="241" />
</extent>
<extent>
<description>definition</description>
<source_reference file="Source.cpp" line="1382" />
</extent>
<lines_of_code value="37" level="1" />
<McCabes_cyclomatic_complexity value="7" level="0" />
<lines_of_comment value="1" level="0" />
<lines_of_code_per_line_of_comment value="37.000" level="2" />
<McCabes_cyclomatic_complexity_per_line_of_comment value="7.000" level="1" />
</member_function>
<member_function>
<name>AddPLOFromUser()</name>
<extent>
<description>declaration</description>
<source_reference file="Source.cpp" line="237" />
</extent>
<extent>
<description>definition</description>
<source_reference file="Source.cpp" line="1280" />
</extent>
<lines_of_code value="27" level="0" />
<McCabes_cyclomatic_complexity value="2" level="0" />
<lines_of_comment value="1" level="0" />
<lines_of_code_per_line_of_comment value="27.000" level="1" />
<McCabes_cyclomatic_complexity_per_line_of_comment value="------" level="0" />
</member_function>
<member_function>
<name>AddProgramFromUser()</name>
<extent>
<description>declaration</description>
<source_reference file="Source.cpp" line="236" />
</extent>
<extent>
<description>definition</description>
<source_reference file="Source.cpp" line="1265" />
</extent>
<lines_of_code value="16" level="0" />
<McCabes_cyclomatic_complexity value="1" level="0" />
<lines_of_comment value="0" level="0" />
<lines_of_code_per_line_of_comment value="------" level="0" />
<McCabes_cyclomatic_complexity_per_line_of_comment value="------" level="0" />
</member_function>
<member_function>
<name>EmployeeMenu()</name>
<extent>
<description>declaration</description>
<source_reference file="Source.cpp" line="240" />
</extent>
<extent>
<description>definition</description>
<source_reference file="Source.cpp" line="1562" />
</extent>
<lines_of_code value="35" level="1" />
<McCabes_cyclomatic_complexity value="7" level="0" />
<lines_of_comment value="1" level="0" />
<lines_of_code_per_line_of_comment value="35.000" level="2" />
<McCabes_cyclomatic_complexity_per_line_of_comment value="7.000" level="1" />
</member_function>
<member_function>
<name>RemoveEntities()</name>
<extent>
<description>declaration</description>
<source_reference file="Source.cpp" line="243" />
</extent>
<extent>
<description>definition</description>
<source_reference file="Source.cpp" line="1495" />
</extent>
<lines_of_code value="57" level="1" />
<McCabes_cyclomatic_complexity value="14" level="1" />
<lines_of_comment value="1" level="0" />
<lines_of_code_per_line_of_comment value="57.000" level="2" />
<McCabes_cyclomatic_complexity_per_line_of_comment value="14.000" level="2" />
</member_function>
<member_function>
<name>UpdateEntities()</name>
<extent>
<description>declaration</description>
<source_reference file="Source.cpp" line="242" />
</extent>
<extent>
<description>definition</description>
<source_reference file="Source.cpp" line="1422" />
</extent>
<lines_of_code value="62" level="1" />
<McCabes_cyclomatic_complexity value="14" level="1" />
<lines_of_comment value="1" level="0" />
<lines_of_code_per_line_of_comment value="62.000" level="2" />
<McCabes_cyclomatic_complexity_per_line_of_comment value="14.000" level="2" />
</member_function>
</procedural_detail>
<structural_detail>
<module>
<name>AcademicOfficer</name>
<client_module>
</client_module>
<supplier_module>
<name>Employee</name>
<visible>true</visible>
<concrete>true</concrete>
<extent>
<description>inheritance</description>
<source_reference file="Source.cpp" line="231" />
</extent>
</supplier_module>
</module>
</structural_detail>
</CCCC_Project>
