<?xml version="1.0" encoding="utf-8"?>
<!--Report on software metrics-->
<CCCC_Project>
<timestamp>Sun Apr 28 23:42:58 2024
</timestamp>
<project_summary>
<number_of_modules value="18" level="0" />
<lines_of_code value="1971" level="0" />
<lines_of_code_per_module value="109.500" level="0" />
<McCabes_cyclomatic_complexity value="269" level="0" />
<McCabes_cyclomatic_complexity_per_module value="14.944" level="0" />
<lines_of_comment value="16" level="0" />
<lines_of_comment_per_module value="0.889" level="0" />
<lines_of_code_per_line_of_comment value="123.187" level="2" />
<McCabes_cyclomatic_complexity_per_line_of_comment value="16.812" level="2" />
<IF4 value="2120" level="0" />
<IF4_per_module value="117.778" level="0" />
<IF4_visible value="2076" level="0" />
<IF4_visible_per_module value="115.333" level="0" />
<IF4_concrete value="40" level="0" />
<IF4_concrete value="2.222" level="0" />
<rejected_lines_of_code value="7" level="0" />
</project_summary>
<procedural_summary>
<module>
<name>AcademicOfficer</name>
<lines_of_code value="297" level="0" />
<McCabes_cyclomatic_complexity value="50" level="0" />
<lines_of_comment value="7" level="0" />
<lines_of_code_per_line_of_comment value="42.429" level="2" />
<McCabes_cyclomatic_complexity_per_line_of_comment value="7.143" level="1" />
</module>
<module>
<name>CLO</name>
<lines_of_code value="42" level="0" />
<McCabes_cyclomatic_complexity value="4" level="0" />
<lines_of_comment value="2" level="0" />
<lines_of_code_per_line_of_comment value="21.000" level="1" />
<McCabes_cyclomatic_complexity_per_line_of_comment value="------" level="0" />
</module>
<module>
<name>Course</name>
<lines_of_code value="50" level="0" />
<McCabes_cyclomatic_complexity value="7" level="0" />
<lines_of_comment value="0" level="0" />
<lines_of_code_per_line_of_comment value="******" level="2" />
<McCabes_cyclomatic_complexity_per_line_of_comment value="******" level="2" />
</module>
<module>
<name>Employee</name>
<lines_of_code value="23" level="0" />
<McCabes_cyclomatic_complexity value="3" level="0" />
<lines_of_comment value="0" level="0" />
<lines_of_code_per_line_of_comment value="******" level="2" />
<McCabes_cyclomatic_complexity_per_line_of_comment value="------" level="0" />
</module>
<module>
<name>Entity</name>
<lines_of_code value="45" level="0" />
<McCabes_cyclomatic_complexity value="1" level="0" />
<lines_of_comment value="0" level="0" />
<lines_of_code_per_line_of_comment value="******" level="2" />
<McCabes_cyclomatic_complexity_per_line_of_comment value="------" level="0" />
</module>
<module>
<name>Evaluation</name>
<lines_of_code value="114" level="0" />
<McCabes_cyclomatic_complexity value="11" level="0" />
<lines_of_comment value="1" level="0" />
<lines_of_code_per_line_of_comment value="114.000" level="2" />
<McCabes_cyclomatic_complexity_per_line_of_comment value="11.000" level="2" />
</module>
<module>
<name>OBE</name>
<lines_of_code value="761" level="1" />
<McCabes_cyclomatic_complexity value="102" level="0" />
<lines_of_comment value="5" level="0" />
<lines_of_code_per_line_of_comment value="152.200" level="2" />
<McCabes_cyclomatic_complexity_per_line_of_comment value="20.400" level="2" />
</module>
<module>
<name>PLO</name>
<lines_of_code value="26" level="0" />
<McCabes_cyclomatic_complexity value="2" level="0" />
<lines_of_comment value="1" level="0" />
<lines_of_code_per_line_of_comment value="26.000" level="1" />
<McCabes_cyclomatic_complexity_per_line_of_comment value="------" level="0" />
</module>
<module>
<name>Program</name>
<lines_of_code value="18" level="0" />
<McCabes_cyclomatic_complexity value="0" level="0" />
<lines_of_comment value="0" level="0" />
<lines_of_code_per_line_of_comment value="------" level="0" />
<McCabes_cyclomatic_complexity_per_line_of_comment value="------" level="0" />
</module>
<module>
<name>Question</name>
<lines_of_code value="52" level="0" />
<McCabes_cyclomatic_complexity value="0" level="0" />
<lines_of_comment value="0" level="0" />
<lines_of_code_per_line_of_comment value="******" level="2" />
<McCabes_cyclomatic_complexity_per_line_of_comment value="------" level="0" />
</module>
<module>
<name>Teacher</name>
<lines_of_code value="429" level="0" />
<McCabes_cyclomatic_complexity value="73" level="0" />
<lines_of_comment value="0" level="0" />
<lines_of_code_per_line_of_comment value="******" level="2" />
<McCabes_cyclomatic_complexity_per_line_of_comment value="******" level="2" />
</module>
<module>
<name>Teaching</name>
<lines_of_code value="15" level="0" />
<McCabes_cyclomatic_complexity value="2" level="0" />
<lines_of_comment value="0" level="0" />
<lines_of_code_per_line_of_comment value="------" level="0" />
<McCabes_cyclomatic_complexity_per_line_of_comment value="------" level="0" />
</module>
<module>
<name>Topic</name>
<lines_of_code value="35" level="0" />
<McCabes_cyclomatic_complexity value="0" level="0" />
<lines_of_comment value="0" level="0" />
<lines_of_code_per_line_of_comment value="******" level="2" />
<McCabes_cyclomatic_complexity_per_line_of_comment value="------" level="0" />
</module>
<module>
<name>anonymous</name>
<lines_of_code value="57" level="0" />
<McCabes_cyclomatic_complexity value="14" level="0" />
<lines_of_comment value="0" level="0" />
<lines_of_code_per_line_of_comment value="******" level="2" />
<McCabes_cyclomatic_complexity_per_line_of_comment value="******" level="2" />
</module>
<module>
<name>ifstream</name>
<lines_of_code value="0" level="0" />
<McCabes_cyclomatic_complexity value="0" level="0" />
<lines_of_comment value="0" level="0" />
<lines_of_code_per_line_of_comment value="------" level="0" />
<McCabes_cyclomatic_complexity_per_line_of_comment value="------" level="0" />
</module>
<module>
<name>ofstream</name>
<lines_of_code value="0" level="0" />
<McCabes_cyclomatic_complexity value="0" level="0" />
<lines_of_comment value="0" level="0" />
<lines_of_code_per_line_of_comment value="------" level="0" />
<McCabes_cyclomatic_complexity_per_line_of_comment value="------" level="0" />
</module>
<module>
<name>string</name>
<lines_of_code value="0" level="0" />
<McCabes_cyclomatic_complexity value="0" level="0" />
<lines_of_comment value="0" level="0" />
<lines_of_code_per_line_of_comment value="------" level="0" />
<McCabes_cyclomatic_complexity_per_line_of_comment value="------" level="0" />
</module>
<module>
<name>vector</name>
<lines_of_code value="0" level="0" />
<McCabes_cyclomatic_complexity value="0" level="0" />
<lines_of_comment value="0" level="0" />
<lines_of_code_per_line_of_comment value="------" level="0" />
<McCabes_cyclomatic_complexity_per_line_of_comment value="------" level="0" />
</module>
</procedural_summary>
<oo_design>
<module>
<name>AcademicOfficer</name>
<weighted_methods_per_class_unity value="8" level="0" />
<weighted_methods_per_class_visibility value="8" level="0" />
<depth_of_inheritance_tree value="2" level="0" />
<number_of_children value="0" level="0" />
<coupling_between_objects value="1" level="0" />
</module>
<module>
<name>CLO</name>
<weighted_methods_per_class_unity value="8" level="0" />
<weighted_methods_per_class_visibility value="8" level="0" />
<depth_of_inheritance_tree value="1" level="0" />
<number_of_children value="0" level="0" />
<coupling_between_objects value="10" level="0" />
</module>
<module>
<name>Course</name>
<weighted_methods_per_class_unity value="8" level="0" />
<weighted_methods_per_class_visibility value="8" level="0" />
<depth_of_inheritance_tree value="1" level="0" />
<number_of_children value="0" level="0" />
<coupling_between_objects value="10" level="0" />
</module>
<module>
<name>Employee</name>
<weighted_methods_per_class_unity value="4" level="0" />
<weighted_methods_per_class_visibility value="4" level="0" />
<depth_of_inheritance_tree value="1" level="0" />
<number_of_children value="2" level="0" />
<coupling_between_objects value="5" level="0" />
</module>
<module>
<name>Entity</name>
<weighted_methods_per_class_unity value="7" level="0" />
<weighted_methods_per_class_visibility value="7" level="0" />
<depth_of_inheritance_tree value="0" level="0" />
<number_of_children value="6" level="1" />
<coupling_between_objects value="9" level="0" />
</module>
<module>
<name>Evaluation</name>
<weighted_methods_per_class_unity value="10" level="0" />
<weighted_methods_per_class_visibility value="10" level="0" />
<depth_of_inheritance_tree value="1" level="0" />
<number_of_children value="0" level="0" />
<coupling_between_objects value="8" level="0" />
</module>
<module>
<name>OBE</name>
<weighted_methods_per_class_unity value="52" level="1" />
<weighted_methods_per_class_visibility value="51" level="2" />
<depth_of_inheritance_tree value="0" level="0" />
<number_of_children value="0" level="0" />
<coupling_between_objects value="7" level="0" />
</module>
<module>
<name>PLO</name>
<weighted_methods_per_class_unity value="6" level="0" />
<weighted_methods_per_class_visibility value="6" level="0" />
<depth_of_inheritance_tree value="1" level="0" />
<number_of_children value="0" level="0" />
<coupling_between_objects value="6" level="0" />
</module>
<module>
<name>Program</name>
<weighted_methods_per_class_unity value="4" level="0" />
<weighted_methods_per_class_visibility value="4" level="0" />
<depth_of_inheritance_tree value="1" level="0" />
<number_of_children value="0" level="0" />
<coupling_between_objects value="6" level="0" />
</module>
<module>
<name>Question</name>
<weighted_methods_per_class_unity value="8" level="0" />
<weighted_methods_per_class_visibility value="8" level="0" />
<depth_of_inheritance_tree value="0" level="0" />
<number_of_children value="0" level="0" />
<coupling_between_objects value="8" level="0" />
</module>
<module>
<name>Teacher</name>
<weighted_methods_per_class_unity value="22" level="0" />
<weighted_methods_per_class_visibility value="22" level="1" />
<depth_of_inheritance_tree value="2" level="0" />
<number_of_children value="0" level="0" />
<coupling_between_objects value="8" level="0" />
</module>
<module>
<name>Teaching</name>
<weighted_methods_per_class_unity value="4" level="0" />
<weighted_methods_per_class_visibility value="4" level="0" />
<depth_of_inheritance_tree value="0" level="0" />
<number_of_children value="0" level="0" />
<coupling_between_objects value="4" level="0" />
</module>
<module>
<name>Topic</name>
<weighted_methods_per_class_unity value="4" level="0" />
<weighted_methods_per_class_visibility value="4" level="0" />
<depth_of_inheritance_tree value="0" level="0" />
<number_of_children value="0" level="0" />
<coupling_between_objects value="4" level="0" />
</module>
<module>
<name>anonymous</name>
<weighted_methods_per_class_unity value="6" level="0" />
<weighted_methods_per_class_visibility value="0" level="0" />
<depth_of_inheritance_tree value="0" level="0" />
<number_of_children value="0" level="0" />
<coupling_between_objects value="0" level="0" />
</module>
<module>
<name>ifstream</name>
<weighted_methods_per_class_unity value="0" level="0" />
<weighted_methods_per_class_visibility value="0" level="0" />
<depth_of_inheritance_tree value="0" level="0" />
<number_of_children value="0" level="0" />
<coupling_between_objects value="4" level="0" />
</module>
<module>
<name>ofstream</name>
<weighted_methods_per_class_unity value="0" level="0" />
<weighted_methods_per_class_visibility value="0" level="0" />
<depth_of_inheritance_tree value="0" level="0" />
<number_of_children value="0" level="0" />
<coupling_between_objects value="6" level="0" />
</module>
<module>
<name>string</name>
<weighted_methods_per_class_unity value="0" level="0" />
<weighted_methods_per_class_visibility value="0" level="0" />
<depth_of_inheritance_tree value="0" level="0" />
<number_of_children value="0" level="0" />
<coupling_between_objects value="5" level="0" />
</module>
<module>
<name>vector</name>
<weighted_methods_per_class_unity value="0" level="0" />
<weighted_methods_per_class_visibility value="0" level="0" />
<depth_of_inheritance_tree value="0" level="0" />
<number_of_children value="0" level="0" />
<coupling_between_objects value="7" level="0" />
</module>
</oo_design>
<structural_summary>
<module>
<name>AcademicOfficer</name>
<fan_out_visible value="0" level="0" />
<fan_out_concrete value="0" level="0" />
<fan_out value="0" level="0" />
<fan_in_visible value="1" level="0" />
<fan_in_concrete value="1" level="0" />
<fan_in value="1" level="0" />
<IF4_visible value="0" level="0" />
<IF4_concrete value="0" level="0" />
<IF4 value="0" level="0" />
</module>
<module>
<name>CLO</name>
<fan_out_visible value="5" level="0" />
<fan_out_concrete value="0" level="0" />
<fan_out value="5" level="0" />
<fan_in_visible value="5" level="0" />
<fan_in_concrete value="2" level="0" />
<fan_in value="5" level="0" />
<IF4_visible value="625" level="2" />
<IF4_concrete value="0" level="0" />
<IF4 value="625" level="1" />
</module>
<module>
<name>Course</name>
<fan_out_visible value="4" level="0" />
<fan_out_concrete value="0" level="0" />
<fan_out value="4" level="0" />
<fan_in_visible value="6" level="0" />
<fan_in_concrete value="2" level="0" />
<fan_in value="6" level="0" />
<IF4_visible value="576" level="2" />
<IF4_concrete value="0" level="0" />
<IF4 value="576" level="1" />
</module>
<module>
<name>Employee</name>
<fan_out_visible value="4" level="0" />
<fan_out_concrete value="2" level="0" />
<fan_out value="4" level="0" />
<fan_in_visible value="1" level="0" />
<fan_in_concrete value="1" level="0" />
<fan_in value="1" level="0" />
<IF4_visible value="16" level="0" />
<IF4_concrete value="4" level="0" />
<IF4 value="16" level="0" />
</module>
<module>
<name>Entity</name>
<fan_out_visible value="6" level="0" />
<fan_out_concrete value="6" level="0" />
<fan_out value="6" level="0" />
<fan_in_visible value="3" level="0" />
<fan_in_concrete value="1" level="0" />
<fan_in value="3" level="0" />
<IF4_visible value="324" level="2" />
<IF4_concrete value="36" level="1" />
<IF4 value="324" level="1" />
</module>
<module>
<name>Evaluation</name>
<fan_out_visible value="1" level="0" />
<fan_out_concrete value="0" level="0" />
<fan_out value="1" level="0" />
<fan_in_visible value="7" level="1" />
<fan_in_concrete value="2" level="0" />
<fan_in value="7" level="0" />
<IF4_visible value="49" level="1" />
<IF4_concrete value="0" level="0" />
<IF4 value="49" level="0" />
</module>
<module>
<name>OBE</name>
<fan_out_visible value="0" level="0" />
<fan_out_concrete value="0" level="0" />
<fan_out value="0" level="0" />
<fan_in_visible value="6" level="0" />
<fan_in_concrete value="2" level="0" />
<fan_in value="7" level="0" />
<IF4_visible value="0" level="0" />
<IF4_concrete value="0" level="0" />
<IF4 value="0" level="0" />
</module>
<module>
<name>PLO</name>
<fan_out_visible value="3" level="0" />
<fan_out_concrete value="0" level="0" />
<fan_out value="3" level="0" />
<fan_in_visible value="3" level="0" />
<fan_in_concrete value="2" level="0" />
<fan_in value="3" level="0" />
<IF4_visible value="81" level="1" />
<IF4_concrete value="0" level="0" />
<IF4 value="81" level="0" />
</module>
<module>
<name>Program</name>
<fan_out_visible value="2" level="0" />
<fan_out_concrete value="0" level="0" />
<fan_out value="2" level="0" />
<fan_in_visible value="4" level="0" />
<fan_in_concrete value="2" level="0" />
<fan_in value="4" level="0" />
<IF4_visible value="64" level="1" />
<IF4_concrete value="0" level="0" />
<IF4 value="64" level="0" />
</module>
<module>
<name>Question</name>
<fan_out_visible value="2" level="0" />
<fan_out_concrete value="0" level="0" />
<fan_out value="2" level="0" />
<fan_in_visible value="5" level="0" />
<fan_in_concrete value="1" level="0" />
<fan_in value="6" level="0" />
<IF4_visible value="100" level="1" />
<IF4_concrete value="0" level="0" />
<IF4 value="144" level="1" />
</module>
<module>
<name>Teacher</name>
<fan_out_visible value="3" level="0" />
<fan_out_concrete value="0" level="0" />
<fan_out value="3" level="0" />
<fan_in_visible value="5" level="0" />
<fan_in_concrete value="3" level="0" />
<fan_in value="5" level="0" />
<IF4_visible value="225" level="2" />
<IF4_concrete value="0" level="0" />
<IF4 value="225" level="1" />
</module>
<module>
<name>Teaching</name>
<fan_out_visible value="2" level="0" />
<fan_out_concrete value="0" level="0" />
<fan_out value="2" level="0" />
<fan_in_visible value="2" level="0" />
<fan_in_concrete value="0" level="0" />
<fan_in value="2" level="0" />
<IF4_visible value="16" level="0" />
<IF4_concrete value="0" level="0" />
<IF4 value="16" level="0" />
</module>
<module>
<name>Topic</name>
<fan_out_visible value="0" level="0" />
<fan_out_concrete value="0" level="0" />
<fan_out value="0" level="0" />
<fan_in_visible value="4" level="0" />
<fan_in_concrete value="1" level="0" />
<fan_in value="4" level="0" />
<IF4_visible value="0" level="0" />
<IF4_concrete value="0" level="0" />
<IF4 value="0" level="0" />
</module>
<module>
<name>anonymous</name>
<fan_out_visible value="0" level="0" />
<fan_out_concrete value="0" level="0" />
<fan_out value="0" level="0" />
<fan_in_visible value="0" level="0" />
<fan_in_concrete value="0" level="0" />
<fan_in value="0" level="0" />
<IF4_visible value="0" level="0" />
<IF4_concrete value="0" level="0" />
<IF4 value="0" level="0" />
</module>
<module>
<name>ifstream</name>
<fan_out_visible value="4" level="0" />
<fan_out_concrete value="0" level="0" />
<fan_out value="4" level="0" />
<fan_in_visible value="0" level="0" />
<fan_in_concrete value="0" level="0" />
<fan_in value="0" level="0" />
<IF4_visible value="0" level="0" />
<IF4_concrete value="0" level="0" />
<IF4 value="0" level="0" />
</module>
<module>
<name>ofstream</name>
<fan_out_visible value="6" level="0" />
<fan_out_concrete value="0" level="0" />
<fan_out value="6" level="0" />
<fan_in_visible value="0" level="0" />
<fan_in_concrete value="0" level="0" />
<fan_in value="0" level="0" />
<IF4_visible value="0" level="0" />
<IF4_concrete value="0" level="0" />
<IF4 value="0" level="0" />
</module>
<module>
<name>string</name>
<fan_out_visible value="4" level="0" />
<fan_out_concrete value="5" level="0" />
<fan_out value="5" level="0" />
<fan_in_visible value="0" level="0" />
<fan_in_concrete value="0" level="0" />
<fan_in value="0" level="0" />
<IF4_visible value="0" level="0" />
<IF4_concrete value="0" level="0" />
<IF4 value="0" level="0" />
</module>
<module>
<name>vector</name>
<fan_out_visible value="6" level="0" />
<fan_out_concrete value="7" level="1" />
<fan_out value="7" level="0" />
<fan_in_visible value="0" level="0" />
<fan_in_concrete value="0" level="0" />
<fan_in value="0" level="0" />
<IF4_visible value="0" level="0" />
<IF4_concrete value="0" level="0" />
<IF4 value="0" level="0" />
</module>
</structural_summary>
<other_extents>
<rejected_extent>
<name>&lt;file scope items&gt;</name>
<source_reference file="Source.cpp" line="1" />
<lines_of_code value="7" level="0" />
<lines_of_comment value="0" level="0" />
<McCabes_cyclomatic_complexity value="0" level="0" />
</rejected_extent>
</other_extents>
</CCCC_Project>
