<?xml version="1.0" encoding="utf-8"?>
<!--Detailed report on module CLO-->
<CCCC_Project>
<module_summary>
<lines_of_code value="42" level="0" />
<lines_of_code_per_member_function value="******" level="0" />
<McCabes_cyclomatic_complexity value="4" level="0" />
<McCabes_cyclomatic_complexity_per_member_function value="******" level="2" />
<lines_of_code value="2" level="0" />
<lines_of_code_per_member_function value="********" level="2" />
<lines_of_code_per_line_of_comment value="21.000" level="1" />
<McCabes_cyclomatic_complexity_per_line_of_comment value="------" level="0" />
<weighted_methods_per_class_unity value="8" level="0" />
<weighted_methods_per_class_visibility value="8" level="0" />
<depth_of_inheritance_tree value="1" level="0" />
<number_of_children value="0" level="0" />
<coupling_between_objects value="10" level="0" />
<IF4 value="625" level="1" />
<IF4_per_member_function value="********" level="2" />
<IF4_visible value="625" level="2" />
<IF4_visible_per_member_function value="********" level="2" />
<IF4_concrete value="0" level="0" />
<IF4_concrete_per_member_function value="********" level="0" />
</module_summary>
<module_detail>
<description>declaration</description>
<source_reference file="Source.cpp" line="65" />
<lines_of_code value="1" level="0" />
<McCabes_cyclomatic_complexity value="0" level="0" />
<lines_of_comment value="0" level="0" />
<lines_of_code_per_line_of_comment value="------" level="0" />
<McCabes_cyclomatic_complexity_per_line_of_comment value="------" level="0" />
<description>definition</description>
<source_reference file="Source.cpp" line="100" />
<lines_of_code value="7" level="0" />
<McCabes_cyclomatic_complexity value="0" level="0" />
<lines_of_comment value="1" level="0" />
<lines_of_code_per_line_of_comment value="------" level="0" />
<McCabes_cyclomatic_complexity_per_line_of_comment value="------" level="0" />
</module_detail>
<procedural_detail>
<member_function>
<name>AddQuestion(Question *)</name>
<extent>
<description>declaration</description>
<source_reference file="Source.cpp" line="110" />
</extent>
<extent>
<description>definition</description>
<source_reference file="Source.cpp" line="433" />
</extent>
<lines_of_code value="2" level="0" />
<McCabes_cyclomatic_complexity value="0" level="0" />
<lines_of_comment value="0" level="0" />
<lines_of_code_per_line_of_comment value="------" level="0" />
<McCabes_cyclomatic_complexity_per_line_of_comment value="------" level="0" />
</member_function>
<member_function>
<name>GetParentID()</name>
<extent>
<description>declaration</description>
<source_reference file="Source.cpp" line="114" />
</extent>
<extent>
<description>definition</description>
<source_reference file="Source.cpp" line="453" />
</extent>
<lines_of_code value="2" level="0" />
<McCabes_cyclomatic_complexity value="1" level="0" />
<lines_of_comment value="0" level="0" />
<lines_of_code_per_line_of_comment value="------" level="0" />
<McCabes_cyclomatic_complexity_per_line_of_comment value="------" level="0" />
</member_function>
<member_function>
<name>IsTested()</name>
<extent>
<description>declaration</description>
<source_reference file="Source.cpp" line="112" />
</extent>
<extent>
<description>definition</description>
<source_reference file="Source.cpp" line="435" />
</extent>
<lines_of_code value="12" level="0" />
<McCabes_cyclomatic_complexity value="3" level="0" />
<lines_of_comment value="0" level="0" />
<lines_of_code_per_line_of_comment value="------" level="0" />
<McCabes_cyclomatic_complexity_per_line_of_comment value="------" level="0" />
</member_function>
<member_function>
<name>RemoveQuestion(Question *)</name>
<extent>
<description>declaration</description>
<source_reference file="Source.cpp" line="111" />
</extent>
<extent>
<description>definition</description>
<source_reference file="Source.cpp" line="434" />
</extent>
<lines_of_code value="2" level="0" />
<McCabes_cyclomatic_complexity value="0" level="0" />
<lines_of_comment value="0" level="0" />
<lines_of_code_per_line_of_comment value="------" level="0" />
<McCabes_cyclomatic_complexity_per_line_of_comment value="------" level="0" />
</member_function>
<member_function>
<name>SetCoursePTR(Entity *)</name>
<extent>
<description>declaration</description>
<source_reference file="Source.cpp" line="113" />
</extent>
<extent>
<description>definition</description>
<source_reference file="Source.cpp" line="446" />
</extent>
<lines_of_code value="2" level="0" />
<McCabes_cyclomatic_complexity value="0" level="0" />
<lines_of_comment value="0" level="0" />
<lines_of_code_per_line_of_comment value="------" level="0" />
<McCabes_cyclomatic_complexity_per_line_of_comment value="------" level="0" />
</member_function>
<member_function>
<name>SetParentPLO(PLO *)</name>
<extent>
<description>declaration</description>
<source_reference file="Source.cpp" line="109" />
</extent>
<extent>
<description>definition</description>
<source_reference file="Source.cpp" line="432" />
</extent>
<lines_of_code value="2" level="0" />
<McCabes_cyclomatic_complexity value="0" level="0" />
<lines_of_comment value="0" level="0" />
<lines_of_code_per_line_of_comment value="------" level="0" />
<McCabes_cyclomatic_complexity_per_line_of_comment value="------" level="0" />
</member_function>
<member_function>
<name>WriteCLOtoFile(ofstream &amp;)</name>
<extent>
<description>declaration</description>
<source_reference file="Source.cpp" line="115" />
</extent>
<extent>
<description>definition</description>
<source_reference file="Source.cpp" line="447" />
</extent>
<lines_of_code value="7" level="0" />
<McCabes_cyclomatic_complexity value="0" level="0" />
<lines_of_comment value="0" level="0" />
<lines_of_code_per_line_of_comment value="------" level="0" />
<McCabes_cyclomatic_complexity_per_line_of_comment value="------" level="0" />
</member_function>
<member_function>
<name>~CLO()</name>
<extent>
<description>declaration</description>
<source_reference file="Source.cpp" line="108" />
</extent>
<extent>
<description>definition</description>
<source_reference file="Source.cpp" line="2202" />
</extent>
<lines_of_code value="5" level="0" />
<McCabes_cyclomatic_complexity value="0" level="0" />
<lines_of_comment value="1" level="0" />
<lines_of_code_per_line_of_comment value="------" level="0" />
<McCabes_cyclomatic_complexity_per_line_of_comment value="------" level="0" />
</member_function>
</procedural_detail>
<structural_detail>
<module>
<name>CLO</name>
<client_module>
<name>Course</name>
<visible>true</visible>
<concrete>false</concrete>
<extent>
<description>pass by reference</description>
<source_reference file="Source.cpp" line="129" />
</extent>
<extent>
<description>pass by reference</description>
<source_reference file="Source.cpp" line="465" />
</extent>
<name>Evaluation</name>
<visible>true</visible>
<concrete>false</concrete>
<extent>
<description>pass by reference</description>
<source_reference file="Source.cpp" line="216" />
</extent>
<extent>
<description>pass by reference</description>
<source_reference file="Source.cpp" line="2045" />
</extent>
<name>OBE</name>
<visible>true</visible>
<concrete>false</concrete>
<extent>
<description>pass by reference</description>
<source_reference file="Source.cpp" line="315" />
</extent>
<extent>
<description>pass by reference</description>
<source_reference file="Source.cpp" line="548" />
</extent>
<name>PLO</name>
<visible>true</visible>
<concrete>false</concrete>
<extent>
<description>pass by reference</description>
<source_reference file="Source.cpp" line="94" />
</extent>
<extent>
<description>pass by reference</description>
<source_reference file="Source.cpp" line="95" />
</extent>
<extent>
<description>pass by reference</description>
<source_reference file="Source.cpp" line="420" />
</extent>
<extent>
<description>pass by reference</description>
<source_reference file="Source.cpp" line="421" />
</extent>
<name>Question</name>
<visible>true</visible>
<concrete>false</concrete>
<extent>
<description>has by reference</description>
<source_reference file="Source.cpp" line="192" />
</extent>
<extent>
<description>pass by reference</description>
<source_reference file="Source.cpp" line="200" />
</extent>
<extent>
<description>pass by reference</description>
<source_reference file="Source.cpp" line="2167" />
</extent>
</client_module>
<supplier_module>
<name>Entity</name>
<visible>true</visible>
<concrete>true</concrete>
<extent>
<description>inheritance</description>
<source_reference file="Source.cpp" line="100" />
</extent>
<extent>
<description>has by reference</description>
<source_reference file="Source.cpp" line="103" />
</extent>
<extent>
<description>pass by reference</description>
<source_reference file="Source.cpp" line="113" />
</extent>
<extent>
<description>pass by reference</description>
<source_reference file="Source.cpp" line="446" />
</extent>
<name>PLO</name>
<visible>true</visible>
<concrete>false</concrete>
<extent>
<description>has by reference</description>
<source_reference file="Source.cpp" line="102" />
</extent>
<extent>
<description>pass by reference</description>
<source_reference file="Source.cpp" line="109" />
</extent>
<extent>
<description>pass by reference</description>
<source_reference file="Source.cpp" line="432" />
</extent>
<name>Question</name>
<visible>true</visible>
<concrete>false</concrete>
<extent>
<description>pass by reference</description>
<source_reference file="Source.cpp" line="110" />
</extent>
<extent>
<description>pass by reference</description>
<source_reference file="Source.cpp" line="111" />
</extent>
<extent>
<description>pass by reference</description>
<source_reference file="Source.cpp" line="433" />
</extent>
<extent>
<description>pass by reference</description>
<source_reference file="Source.cpp" line="434" />
</extent>
<name>ofstream</name>
<visible>true</visible>
<concrete>false</concrete>
<extent>
<description>pass by reference</description>
<source_reference file="Source.cpp" line="115" />
</extent>
<extent>
<description>pass by reference</description>
<source_reference file="Source.cpp" line="447" />
</extent>
<name>vector</name>
<visible>true</visible>
<concrete>true</concrete>
<extent>
<description>has by value</description>
<source_reference file="Source.cpp" line="104" />
</extent>
</supplier_module>
</module>
</structural_detail>
</CCCC_Project>
