<?xml version="1.0" encoding="utf-8"?>
<!--Detailed report on module Course-->
<CCCC_Project>
<module_summary>
<lines_of_code value="50" level="0" />
<lines_of_code_per_member_function value="******" level="0" />
<McCabes_cyclomatic_complexity value="7" level="0" />
<McCabes_cyclomatic_complexity_per_member_function value="******" level="2" />
<lines_of_code value="0" level="0" />
<lines_of_code_per_member_function value="********" level="0" />
<lines_of_code_per_line_of_comment value="******" level="2" />
<McCabes_cyclomatic_complexity_per_line_of_comment value="******" level="2" />
<weighted_methods_per_class_unity value="8" level="0" />
<weighted_methods_per_class_visibility value="8" level="0" />
<depth_of_inheritance_tree value="1" level="0" />
<number_of_children value="0" level="0" />
<coupling_between_objects value="10" level="0" />
<IF4 value="576" level="1" />
<IF4_per_member_function value="********" level="2" />
<IF4_visible value="576" level="2" />
<IF4_visible_per_member_function value="********" level="2" />
<IF4_concrete value="0" level="0" />
<IF4_concrete_per_member_function value="********" level="0" />
</module_summary>
<module_detail>
<description>definition</description>
<source_reference file="Source.cpp" line="119" />
<lines_of_code value="7" level="0" />
<McCabes_cyclomatic_complexity value="0" level="0" />
<lines_of_comment value="0" level="0" />
<lines_of_code_per_line_of_comment value="------" level="0" />
<McCabes_cyclomatic_complexity_per_line_of_comment value="------" level="0" />
</module_detail>
<procedural_detail>
<member_function>
<name>AddCLO(CLO *)</name>
<extent>
<description>declaration</description>
<source_reference file="Source.cpp" line="129" />
</extent>
<extent>
<description>definition</description>
<source_reference file="Source.cpp" line="465" />
</extent>
<lines_of_code value="2" level="0" />
<McCabes_cyclomatic_complexity value="0" level="0" />
<lines_of_comment value="0" level="0" />
<lines_of_code_per_line_of_comment value="------" level="0" />
<McCabes_cyclomatic_complexity_per_line_of_comment value="------" level="0" />
</member_function>
<member_function>
<name>AddPrograms(Program *)</name>
<extent>
<description>declaration</description>
<source_reference file="Source.cpp" line="131" />
</extent>
<extent>
<description>definition</description>
<source_reference file="Source.cpp" line="476" />
</extent>
<lines_of_code value="4" level="0" />
<McCabes_cyclomatic_complexity value="0" level="0" />
<lines_of_comment value="0" level="0" />
<lines_of_code_per_line_of_comment value="------" level="0" />
<McCabes_cyclomatic_complexity_per_line_of_comment value="------" level="0" />
</member_function>
<member_function>
<name>AddTeaching(Teaching *)</name>
<extent>
<description>declaration</description>
<source_reference file="Source.cpp" line="130" />
</extent>
<extent>
<description>definition</description>
<source_reference file="Source.cpp" line="466" />
</extent>
<lines_of_code value="2" level="0" />
<McCabes_cyclomatic_complexity value="0" level="0" />
<lines_of_comment value="0" level="0" />
<lines_of_code_per_line_of_comment value="------" level="0" />
<McCabes_cyclomatic_complexity_per_line_of_comment value="------" level="0" />
</member_function>
<member_function>
<name>CheckCLOTested()</name>
<extent>
<description>declaration</description>
<source_reference file="Source.cpp" line="134" />
</extent>
<extent>
<description>definition</description>
<source_reference file="Source.cpp" line="455" />
</extent>
<lines_of_code value="10" level="0" />
<McCabes_cyclomatic_complexity value="4" level="0" />
<lines_of_comment value="0" level="0" />
<lines_of_code_per_line_of_comment value="------" level="0" />
<McCabes_cyclomatic_complexity_per_line_of_comment value="------" level="0" />
</member_function>
<member_function>
<name>GetCLOs()</name>
<extent>
<description>declaration</description>
<source_reference file="Source.cpp" line="133" />
</extent>
<extent>
<description>definition</description>
<source_reference file="Source.cpp" line="475" />
</extent>
<lines_of_code value="2" level="0" />
<McCabes_cyclomatic_complexity value="1" level="0" />
<lines_of_comment value="0" level="0" />
<lines_of_code_per_line_of_comment value="------" level="0" />
<McCabes_cyclomatic_complexity_per_line_of_comment value="------" level="0" />
</member_function>
<member_function>
<name>WriteCLOsToFile(ofstream &amp;)</name>
<extent>
<description>declaration</description>
<source_reference file="Source.cpp" line="135" />
</extent>
<extent>
<description>definition</description>
<source_reference file="Source.cpp" line="467" />
</extent>
<lines_of_code value="9" level="0" />
<McCabes_cyclomatic_complexity value="1" level="0" />
<lines_of_comment value="0" level="0" />
<lines_of_code_per_line_of_comment value="------" level="0" />
<McCabes_cyclomatic_complexity_per_line_of_comment value="------" level="0" />
</member_function>
<member_function>
<name>WriteProgramsToFile(ofstream &amp;)</name>
<extent>
<description>declaration</description>
<source_reference file="Source.cpp" line="132" />
</extent>
<extent>
<description>definition</description>
<source_reference file="Source.cpp" line="479" />
</extent>
<lines_of_code value="8" level="0" />
<McCabes_cyclomatic_complexity value="1" level="0" />
<lines_of_comment value="0" level="0" />
<lines_of_code_per_line_of_comment value="------" level="0" />
<McCabes_cyclomatic_complexity_per_line_of_comment value="------" level="0" />
</member_function>
<member_function>
<name>~Course()</name>
<extent>
<description>declaration</description>
<source_reference file="Source.cpp" line="128" />
</extent>
<extent>
<description>definition</description>
<source_reference file="Source.cpp" line="2193" />
</extent>
<lines_of_code value="6" level="0" />
<McCabes_cyclomatic_complexity value="0" level="0" />
<lines_of_comment value="0" level="0" />
<lines_of_code_per_line_of_comment value="------" level="0" />
<McCabes_cyclomatic_complexity_per_line_of_comment value="------" level="0" />
</member_function>
</procedural_detail>
<structural_detail>
<module>
<name>Course</name>
<client_module>
<name>OBE</name>
<visible>true</visible>
<concrete>false</concrete>
<extent>
<description>pass by reference</description>
<source_reference file="Source.cpp" line="313" />
</extent>
<extent>
<description>pass by reference</description>
<source_reference file="Source.cpp" line="546" />
</extent>
<name>Program</name>
<visible>true</visible>
<concrete>false</concrete>
<extent>
<description>pass by reference</description>
<source_reference file="Source.cpp" line="146" />
</extent>
<extent>
<description>pass by reference</description>
<source_reference file="Source.cpp" line="488" />
</extent>
<name>Teaching</name>
<visible>true</visible>
<concrete>false</concrete>
<extent>
<description>has by reference</description>
<source_reference file="Source.cpp" line="181" />
</extent>
<extent>
<description>pass by reference</description>
<source_reference file="Source.cpp" line="186" />
</extent>
<extent>
<description>pass by reference</description>
<source_reference file="Source.cpp" line="1603" />
</extent>
<name>Topic</name>
<visible>true</visible>
<concrete>false</concrete>
<extent>
<description>has by reference</description>
<source_reference file="Source.cpp" line="168" />
</extent>
<extent>
<description>pass by reference</description>
<source_reference file="Source.cpp" line="173" />
</extent>
<extent>
<description>pass by reference</description>
<source_reference file="Source.cpp" line="492" />
</extent>
</client_module>
<supplier_module>
<name>CLO</name>
<visible>true</visible>
<concrete>false</concrete>
<extent>
<description>pass by reference</description>
<source_reference file="Source.cpp" line="129" />
</extent>
<extent>
<description>pass by reference</description>
<source_reference file="Source.cpp" line="465" />
</extent>
<name>Entity</name>
<visible>true</visible>
<concrete>true</concrete>
<extent>
<description>inheritance</description>
<source_reference file="Source.cpp" line="119" />
</extent>
<name>Program</name>
<visible>true</visible>
<concrete>false</concrete>
<extent>
<description>pass by reference</description>
<source_reference file="Source.cpp" line="131" />
</extent>
<extent>
<description>pass by reference</description>
<source_reference file="Source.cpp" line="476" />
</extent>
<name>Teaching</name>
<visible>true</visible>
<concrete>false</concrete>
<extent>
<description>pass by reference</description>
<source_reference file="Source.cpp" line="130" />
</extent>
<extent>
<description>pass by reference</description>
<source_reference file="Source.cpp" line="466" />
</extent>
<name>ofstream</name>
<visible>true</visible>
<concrete>false</concrete>
<extent>
<description>pass by reference</description>
<source_reference file="Source.cpp" line="132" />
</extent>
<extent>
<description>pass by reference</description>
<source_reference file="Source.cpp" line="135" />
</extent>
<extent>
<description>pass by reference</description>
<source_reference file="Source.cpp" line="467" />
</extent>
<extent>
<description>pass by reference</description>
<source_reference file="Source.cpp" line="479" />
</extent>
<name>vector</name>
<visible>true</visible>
<concrete>true</concrete>
<extent>
<description>has by value</description>
<source_reference file="Source.cpp" line="121" />
</extent>
<extent>
<description>has by value</description>
<source_reference file="Source.cpp" line="122" />
</extent>
<extent>
<description>has by value</description>
<source_reference file="Source.cpp" line="123" />
</extent>
</supplier_module>
</module>
</structural_detail>
</CCCC_Project>
