<?xml version="1.0" encoding="utf-8"?>
<!--Detailed report on module Employee-->
<CCCC_Project>
<module_summary>
<lines_of_code value="23" level="0" />
<lines_of_code_per_member_function value="******" level="0" />
<McCabes_cyclomatic_complexity value="3" level="0" />
<McCabes_cyclomatic_complexity_per_member_function value="******" level="2" />
<lines_of_code value="0" level="0" />
<lines_of_code_per_member_function value="********" level="0" />
<lines_of_code_per_line_of_comment value="******" level="2" />
<McCabes_cyclomatic_complexity_per_line_of_comment value="------" level="0" />
<weighted_methods_per_class_unity value="4" level="0" />
<weighted_methods_per_class_visibility value="4" level="0" />
<depth_of_inheritance_tree value="1" level="0" />
<number_of_children value="2" level="0" />
<coupling_between_objects value="5" level="0" />
<IF4 value="16" level="0" />
<IF4_per_member_function value="********" level="2" />
<IF4_visible value="16" level="0" />
<IF4_visible_per_member_function value="********" level="2" />
<IF4_concrete value="4" level="0" />
<IF4_concrete_per_member_function value="********" level="2" />
</module_summary>
<module_detail>
<description>definition</description>
<source_reference file="Source.cpp" line="154" />
<lines_of_code value="4" level="0" />
<McCabes_cyclomatic_complexity value="0" level="0" />
<lines_of_comment value="0" level="0" />
<lines_of_code_per_line_of_comment value="------" level="0" />
<McCabes_cyclomatic_complexity_per_line_of_comment value="------" level="0" />
</module_detail>
<procedural_detail>
<member_function>
<name>EmployeeMenu()</name>
<extent>
<description>definition</description>
<source_reference file="Source.cpp" line="159" />
</extent>
<lines_of_code value="1" level="0" />
<McCabes_cyclomatic_complexity value="0" level="0" />
<lines_of_comment value="0" level="0" />
<lines_of_code_per_line_of_comment value="------" level="0" />
<McCabes_cyclomatic_complexity_per_line_of_comment value="------" level="0" />
</member_function>
<member_function>
<name>GetEvals()</name>
<extent>
<description>declaration</description>
<source_reference file="Source.cpp" line="161" />
</extent>
<extent>
<description>definition</description>
<source_reference file="Source.cpp" line="1254" />
</extent>
<lines_of_code value="6" level="0" />
<McCabes_cyclomatic_complexity value="1" level="0" />
<lines_of_comment value="0" level="0" />
<lines_of_code_per_line_of_comment value="------" level="0" />
<McCabes_cyclomatic_complexity_per_line_of_comment value="------" level="0" />
</member_function>
<member_function>
<name>GetQuestions()</name>
<extent>
<description>declaration</description>
<source_reference file="Source.cpp" line="162" />
</extent>
<extent>
<description>definition</description>
<source_reference file="Source.cpp" line="1259" />
</extent>
<lines_of_code value="6" level="0" />
<McCabes_cyclomatic_complexity value="1" level="0" />
<lines_of_comment value="0" level="0" />
<lines_of_code_per_line_of_comment value="------" level="0" />
<McCabes_cyclomatic_complexity_per_line_of_comment value="------" level="0" />
</member_function>
<member_function>
<name>GetTopics()</name>
<extent>
<description>declaration</description>
<source_reference file="Source.cpp" line="160" />
</extent>
<extent>
<description>definition</description>
<source_reference file="Source.cpp" line="1249" />
</extent>
<lines_of_code value="6" level="0" />
<McCabes_cyclomatic_complexity value="1" level="0" />
<lines_of_comment value="0" level="0" />
<lines_of_code_per_line_of_comment value="------" level="0" />
<McCabes_cyclomatic_complexity_per_line_of_comment value="------" level="0" />
</member_function>
</procedural_detail>
<structural_detail>
<module>
<name>Employee</name>
<client_module>
<name>AcademicOfficer</name>
<visible>true</visible>
<concrete>true</concrete>
<extent>
<description>inheritance</description>
<source_reference file="Source.cpp" line="231" />
</extent>
<name>OBE</name>
<visible>true</visible>
<concrete>false</concrete>
<extent>
<description>has by reference</description>
<source_reference file="Source.cpp" line="294" />
</extent>
<extent>
<description>pass by reference</description>
<source_reference file="Source.cpp" line="316" />
</extent>
<extent>
<description>pass by reference</description>
<source_reference file="Source.cpp" line="549" />
</extent>
<name>Teacher</name>
<visible>true</visible>
<concrete>true</concrete>
<extent>
<description>inheritance</description>
<source_reference file="Source.cpp" line="245" />
</extent>
<name>Teaching</name>
<visible>true</visible>
<concrete>false</concrete>
<extent>
<description>has by reference</description>
<source_reference file="Source.cpp" line="180" />
</extent>
<extent>
<description>pass by reference</description>
<source_reference file="Source.cpp" line="185" />
</extent>
<extent>
<description>pass by reference</description>
<source_reference file="Source.cpp" line="1602" />
</extent>
</client_module>
<supplier_module>
<name>Entity</name>
<visible>true</visible>
<concrete>true</concrete>
<extent>
<description>inheritance</description>
<source_reference file="Source.cpp" line="154" />
</extent>
</supplier_module>
</module>
</structural_detail>
</CCCC_Project>
