<?xml version="1.0" encoding="utf-8"?>
<!--Detailed report on module Entity-->
<CCCC_Project>
<module_summary>
<lines_of_code value="45" level="0" />
<lines_of_code_per_member_function value="******" level="0" />
<McCabes_cyclomatic_complexity value="1" level="0" />
<McCabes_cyclomatic_complexity_per_member_function value="******" level="2" />
<lines_of_code value="0" level="0" />
<lines_of_code_per_member_function value="********" level="0" />
<lines_of_code_per_line_of_comment value="******" level="2" />
<McCabes_cyclomatic_complexity_per_line_of_comment value="------" level="0" />
<weighted_methods_per_class_unity value="7" level="0" />
<weighted_methods_per_class_visibility value="7" level="0" />
<depth_of_inheritance_tree value="0" level="0" />
<number_of_children value="6" level="0" />
<coupling_between_objects value="9" level="0" />
<IF4 value="324" level="1" />
<IF4_per_member_function value="********" level="2" />
<IF4_visible value="324" level="2" />
<IF4_visible_per_member_function value="********" level="2" />
<IF4_concrete value="36" level="1" />
<IF4_concrete_per_member_function value="********" level="2" />
</module_summary>
<module_detail>
<description>definition</description>
<source_reference file="Source.cpp" line="70" />
<lines_of_code value="6" level="0" />
<McCabes_cyclomatic_complexity value="0" level="0" />
<lines_of_comment value="0" level="0" />
<lines_of_code_per_line_of_comment value="------" level="0" />
<McCabes_cyclomatic_complexity_per_line_of_comment value="------" level="0" />
</module_detail>
<procedural_detail>
<member_function>
<name>Display()</name>
<extent>
<description>declaration</description>
<source_reference file="Source.cpp" line="79" />
</extent>
<extent>
<description>definition</description>
<source_reference file="Source.cpp" line="417" />
</extent>
<lines_of_code value="2" level="0" />
<McCabes_cyclomatic_complexity value="0" level="0" />
<lines_of_comment value="0" level="0" />
<lines_of_code_per_line_of_comment value="------" level="0" />
<McCabes_cyclomatic_complexity_per_line_of_comment value="------" level="0" />
</member_function>
<member_function>
<name>GetID()</name>
<extent>
<description>declaration</description>
<source_reference file="Source.cpp" line="82" />
</extent>
<extent>
<description>definition</description>
<source_reference file="Source.cpp" line="418" />
</extent>
<lines_of_code value="2" level="0" />
<McCabes_cyclomatic_complexity value="1" level="0" />
<lines_of_comment value="0" level="0" />
<lines_of_code_per_line_of_comment value="------" level="0" />
<McCabes_cyclomatic_complexity_per_line_of_comment value="------" level="0" />
</member_function>
<member_function>
<name>ReadDataFromFile(ifstream &amp;)</name>
<extent>
<description>declaration</description>
<source_reference file="Source.cpp" line="77" />
</extent>
<extent>
<description>definition</description>
<source_reference file="Source.cpp" line="393" />
</extent>
<lines_of_code value="7" level="0" />
<McCabes_cyclomatic_complexity value="0" level="0" />
<lines_of_comment value="0" level="0" />
<lines_of_code_per_line_of_comment value="------" level="0" />
<McCabes_cyclomatic_complexity_per_line_of_comment value="------" level="0" />
</member_function>
<member_function>
<name>ReadDataFromFile(string,ifstream &amp;)</name>
<extent>
<description>declaration</description>
<source_reference file="Source.cpp" line="78" />
</extent>
<extent>
<description>definition</description>
<source_reference file="Source.cpp" line="399" />
</extent>
<lines_of_code value="7" level="0" />
<McCabes_cyclomatic_complexity value="0" level="0" />
<lines_of_comment value="0" level="0" />
<lines_of_code_per_line_of_comment value="------" level="0" />
<McCabes_cyclomatic_complexity_per_line_of_comment value="------" level="0" />
</member_function>
<member_function>
<name>ReadDataFromUser(string)</name>
<extent>
<description>declaration</description>
<source_reference file="Source.cpp" line="76" />
</extent>
<extent>
<description>definition</description>
<source_reference file="Source.cpp" line="385" />
</extent>
<lines_of_code value="8" level="0" />
<McCabes_cyclomatic_complexity value="0" level="0" />
<lines_of_comment value="0" level="0" />
<lines_of_code_per_line_of_comment value="------" level="0" />
<McCabes_cyclomatic_complexity_per_line_of_comment value="------" level="0" />
</member_function>
<member_function>
<name>UpdateEnity()</name>
<extent>
<description>declaration</description>
<source_reference file="Source.cpp" line="80" />
</extent>
<extent>
<description>definition</description>
<source_reference file="Source.cpp" line="411" />
</extent>
<lines_of_code value="7" level="0" />
<McCabes_cyclomatic_complexity value="0" level="0" />
<lines_of_comment value="0" level="0" />
<lines_of_code_per_line_of_comment value="------" level="0" />
<McCabes_cyclomatic_complexity_per_line_of_comment value="------" level="0" />
</member_function>
<member_function>
<name>WriteDataToFile(ofstream &amp;)</name>
<extent>
<description>declaration</description>
<source_reference file="Source.cpp" line="81" />
</extent>
<extent>
<description>definition</description>
<source_reference file="Source.cpp" line="406" />
</extent>
<lines_of_code value="6" level="0" />
<McCabes_cyclomatic_complexity value="0" level="0" />
<lines_of_comment value="0" level="0" />
<lines_of_code_per_line_of_comment value="------" level="0" />
<McCabes_cyclomatic_complexity_per_line_of_comment value="------" level="0" />
</member_function>
</procedural_detail>
<structural_detail>
<module>
<name>Entity</name>
<client_module>
<name>CLO</name>
<visible>true</visible>
<concrete>true</concrete>
<extent>
<description>inheritance</description>
<source_reference file="Source.cpp" line="100" />
</extent>
<extent>
<description>has by reference</description>
<source_reference file="Source.cpp" line="103" />
</extent>
<extent>
<description>pass by reference</description>
<source_reference file="Source.cpp" line="113" />
</extent>
<extent>
<description>pass by reference</description>
<source_reference file="Source.cpp" line="446" />
</extent>
<name>Course</name>
<visible>true</visible>
<concrete>true</concrete>
<extent>
<description>inheritance</description>
<source_reference file="Source.cpp" line="119" />
</extent>
<name>Employee</name>
<visible>true</visible>
<concrete>true</concrete>
<extent>
<description>inheritance</description>
<source_reference file="Source.cpp" line="154" />
</extent>
<name>Evaluation</name>
<visible>true</visible>
<concrete>true</concrete>
<extent>
<description>inheritance</description>
<source_reference file="Source.cpp" line="209" />
</extent>
<name>PLO</name>
<visible>true</visible>
<concrete>true</concrete>
<extent>
<description>inheritance</description>
<source_reference file="Source.cpp" line="86" />
</extent>
<extent>
<description>has by reference</description>
<source_reference file="Source.cpp" line="89" />
</extent>
<extent>
<description>pass by reference</description>
<source_reference file="Source.cpp" line="97" />
</extent>
<extent>
<description>pass by reference</description>
<source_reference file="Source.cpp" line="429" />
</extent>
<name>Program</name>
<visible>true</visible>
<concrete>true</concrete>
<extent>
<description>inheritance</description>
<source_reference file="Source.cpp" line="137" />
</extent>
</client_module>
<supplier_module>
<name>ifstream</name>
<visible>true</visible>
<concrete>false</concrete>
<extent>
<description>pass by reference</description>
<source_reference file="Source.cpp" line="77" />
</extent>
<extent>
<description>pass by reference</description>
<source_reference file="Source.cpp" line="78" />
</extent>
<extent>
<description>pass by reference</description>
<source_reference file="Source.cpp" line="393" />
</extent>
<extent>
<description>pass by reference</description>
<source_reference file="Source.cpp" line="399" />
</extent>
<name>ofstream</name>
<visible>true</visible>
<concrete>false</concrete>
<extent>
<description>pass by reference</description>
<source_reference file="Source.cpp" line="81" />
</extent>
<extent>
<description>pass by reference</description>
<source_reference file="Source.cpp" line="406" />
</extent>
<name>string</name>
<visible>true</visible>
<concrete>true</concrete>
<extent>
<description>has by value</description>
<source_reference file="Source.cpp" line="72" />
</extent>
<extent>
<description>has by value</description>
<source_reference file="Source.cpp" line="73" />
</extent>
<extent>
<description>pass by value</description>
<source_reference file="Source.cpp" line="76" />
</extent>
<extent>
<description>pass by value</description>
<source_reference file="Source.cpp" line="78" />
</extent>
<extent>
<description>pass by value</description>
<source_reference file="Source.cpp" line="385" />
</extent>
<extent>
<description>pass by value</description>
<source_reference file="Source.cpp" line="399" />
</extent>
</supplier_module>
</module>
</structural_detail>
</CCCC_Project>
