<?xml version="1.0" encoding="utf-8"?>
<!--Detailed report on module ifstream-->
<CCCC_Project>
<module_summary>
<lines_of_code value="0" level="0" />
<lines_of_code_per_member_function value="******" level="0" />
<McCabes_cyclomatic_complexity value="0" level="0" />
<McCabes_cyclomatic_complexity_per_member_function value="******" level="0" />
<lines_of_code value="0" level="0" />
<lines_of_code_per_member_function value="********" level="0" />
<lines_of_code_per_line_of_comment value="------" level="0" />
<McCabes_cyclomatic_complexity_per_line_of_comment value="------" level="0" />
<weighted_methods_per_class_unity value="0" level="0" />
<weighted_methods_per_class_visibility value="0" level="0" />
<depth_of_inheritance_tree value="0" level="0" />
<number_of_children value="0" level="0" />
<coupling_between_objects value="4" level="0" />
<IF4 value="0" level="0" />
<IF4_per_member_function value="********" level="0" />
<IF4_visible value="0" level="0" />
<IF4_visible_per_member_function value="********" level="0" />
<IF4_concrete value="0" level="0" />
<IF4_concrete_per_member_function value="********" level="0" />
</module_summary>
<module_detail>
</module_detail>
<procedural_detail>
</procedural_detail>
<structural_detail>
<module>
<name>ifstream</name>
<client_module>
<name>Entity</name>
<visible>true</visible>
<concrete>false</concrete>
<extent>
<description>pass by reference</description>
<source_reference file="Source.cpp" line="77" />
</extent>
<extent>
<description>pass by reference</description>
<source_reference file="Source.cpp" line="78" />
</extent>
<extent>
<description>pass by reference</description>
<source_reference file="Source.cpp" line="393" />
</extent>
<extent>
<description>pass by reference</description>
<source_reference file="Source.cpp" line="399" />
</extent>
<name>Evaluation</name>
<visible>true</visible>
<concrete>false</concrete>
<extent>
<description>pass by reference</description>
<source_reference file="Source.cpp" line="218" />
</extent>
<extent>
<description>pass by reference</description>
<source_reference file="Source.cpp" line="2070" />
</extent>
<name>Question</name>
<visible>true</visible>
<concrete>false</concrete>
<extent>
<description>pass by reference</description>
<source_reference file="Source.cpp" line="199" />
</extent>
<extent>
<description>pass by reference</description>
<source_reference file="Source.cpp" line="2162" />
</extent>
<name>Teacher</name>
<visible>true</visible>
<concrete>false</concrete>
<extent>
<description>pass by reference</description>
<source_reference file="Source.cpp" line="258" />
</extent>
<extent>
<description>pass by reference</description>
<source_reference file="Source.cpp" line="259" />
</extent>
<extent>
<description>pass by reference</description>
<source_reference file="Source.cpp" line="260" />
</extent>
<extent>
<description>pass by reference</description>
<source_reference file="Source.cpp" line="1608" />
</extent>
<extent>
<description>pass by reference</description>
<source_reference file="Source.cpp" line="1624" />
</extent>
<extent>
<description>pass by reference</description>
<source_reference file="Source.cpp" line="1642" />
</extent>
</client_module>
<supplier_module>
</supplier_module>
</module>
</structural_detail>
</CCCC_Project>
