<?xml version="1.0" encoding="utf-8"?>
<!--Detailed report on module OBE-->
<CCCC_Project>
<module_summary>
<lines_of_code value="761" level="1" />
<lines_of_code_per_member_function value="******" level="0" />
<McCabes_cyclomatic_complexity value="102" level="0" />
<McCabes_cyclomatic_complexity_per_member_function value="******" level="2" />
<lines_of_code value="5" level="0" />
<lines_of_code_per_member_function value="********" level="2" />
<lines_of_code_per_line_of_comment value="152.200" level="2" />
<McCabes_cyclomatic_complexity_per_line_of_comment value="20.400" level="2" />
<weighted_methods_per_class_unity value="52" level="0" />
<weighted_methods_per_class_visibility value="51" level="0" />
<depth_of_inheritance_tree value="0" level="0" />
<number_of_children value="0" level="0" />
<coupling_between_objects value="7" level="0" />
<IF4 value="0" level="0" />
<IF4_per_member_function value="********" level="0" />
<IF4_visible value="0" level="0" />
<IF4_visible_per_member_function value="********" level="0" />
<IF4_concrete value="0" level="0" />
<IF4_concrete_per_member_function value="********" level="0" />
</module_summary>
<module_detail>
<description>definition</description>
<source_reference file="Source.cpp" line="285" />
<lines_of_code value="12" level="0" />
<McCabes_cyclomatic_complexity value="0" level="0" />
<lines_of_comment value="0" level="0" />
<lines_of_code_per_line_of_comment value="------" level="0" />
<McCabes_cyclomatic_complexity_per_line_of_comment value="------" level="0" />
</module_detail>
<procedural_detail>
<member_function>
<name>AddCLO(CLO *)</name>
<extent>
<description>declaration</description>
<source_reference file="Source.cpp" line="315" />
</extent>
<extent>
<description>definition</description>
<source_reference file="Source.cpp" line="548" />
</extent>
<lines_of_code value="2" level="0" />
<McCabes_cyclomatic_complexity value="0" level="0" />
<lines_of_comment value="0" level="0" />
<lines_of_code_per_line_of_comment value="------" level="0" />
<McCabes_cyclomatic_complexity_per_line_of_comment value="------" level="0" />
</member_function>
<member_function>
<name>AddCourse(Course *)</name>
<extent>
<description>declaration</description>
<source_reference file="Source.cpp" line="313" />
</extent>
<extent>
<description>definition</description>
<source_reference file="Source.cpp" line="546" />
</extent>
<lines_of_code value="2" level="0" />
<McCabes_cyclomatic_complexity value="0" level="0" />
<lines_of_comment value="0" level="0" />
<lines_of_code_per_line_of_comment value="------" level="0" />
<McCabes_cyclomatic_complexity_per_line_of_comment value="------" level="0" />
</member_function>
<member_function>
<name>AddEmployee(Employee *)</name>
<extent>
<description>declaration</description>
<source_reference file="Source.cpp" line="316" />
</extent>
<extent>
<description>definition</description>
<source_reference file="Source.cpp" line="549" />
</extent>
<lines_of_code value="2" level="0" />
<McCabes_cyclomatic_complexity value="0" level="0" />
<lines_of_comment value="0" level="0" />
<lines_of_code_per_line_of_comment value="------" level="0" />
<McCabes_cyclomatic_complexity_per_line_of_comment value="------" level="0" />
</member_function>
<member_function>
<name>AddPLO(PLO *)</name>
<extent>
<description>declaration</description>
<source_reference file="Source.cpp" line="314" />
</extent>
<extent>
<description>definition</description>
<source_reference file="Source.cpp" line="547" />
</extent>
<lines_of_code value="2" level="0" />
<McCabes_cyclomatic_complexity value="0" level="0" />
<lines_of_comment value="0" level="0" />
<lines_of_code_per_line_of_comment value="------" level="0" />
<McCabes_cyclomatic_complexity_per_line_of_comment value="------" level="0" />
</member_function>
<member_function>
<name>AddProgram(Program *)</name>
<extent>
<description>declaration</description>
<source_reference file="Source.cpp" line="312" />
</extent>
<extent>
<description>definition</description>
<source_reference file="Source.cpp" line="545" />
</extent>
<lines_of_code value="2" level="0" />
<McCabes_cyclomatic_complexity value="0" level="0" />
<lines_of_comment value="0" level="0" />
<lines_of_code_per_line_of_comment value="------" level="0" />
<McCabes_cyclomatic_complexity_per_line_of_comment value="------" level="0" />
</member_function>
<member_function>
<name>BackupCLOs(string)</name>
<extent>
<description>declaration</description>
<source_reference file="Source.cpp" line="359" />
</extent>
<extent>
<description>definition</description>
<source_reference file="Source.cpp" line="1166" />
</extent>
<lines_of_code value="21" level="0" />
<McCabes_cyclomatic_complexity value="3" level="0" />
<lines_of_comment value="2" level="0" />
<lines_of_code_per_line_of_comment value="10.500" level="1" />
<McCabes_cyclomatic_complexity_per_line_of_comment value="------" level="0" />
</member_function>
<member_function>
<name>BackupCourses(string)</name>
<extent>
<description>declaration</description>
<source_reference file="Source.cpp" line="357" />
</extent>
<extent>
<description>definition</description>
<source_reference file="Source.cpp" line="1121" />
</extent>
<lines_of_code value="23" level="0" />
<McCabes_cyclomatic_complexity value="3" level="0" />
<lines_of_comment value="1" level="0" />
<lines_of_code_per_line_of_comment value="23.000" level="1" />
<McCabes_cyclomatic_complexity_per_line_of_comment value="------" level="0" />
</member_function>
<member_function>
<name>BackupEmployees(string)</name>
<extent>
<description>declaration</description>
<source_reference file="Source.cpp" line="355" />
</extent>
<extent>
<description>definition</description>
<source_reference file="Source.cpp" line="1077" />
</extent>
<lines_of_code value="22" level="0" />
<McCabes_cyclomatic_complexity value="3" level="0" />
<lines_of_comment value="1" level="0" />
<lines_of_code_per_line_of_comment value="22.000" level="1" />
<McCabes_cyclomatic_complexity_per_line_of_comment value="------" level="0" />
</member_function>
<member_function>
<name>BackupEvals(string)</name>
<extent>
<description>declaration</description>
<source_reference file="Source.cpp" line="361" />
</extent>
<extent>
<description>definition</description>
<source_reference file="Source.cpp" line="1208" />
</extent>
<lines_of_code value="19" level="0" />
<McCabes_cyclomatic_complexity value="2" level="0" />
<lines_of_comment value="0" level="0" />
<lines_of_code_per_line_of_comment value="------" level="0" />
<McCabes_cyclomatic_complexity_per_line_of_comment value="------" level="0" />
</member_function>
<member_function>
<name>BackupPLOs(string)</name>
<extent>
<description>declaration</description>
<source_reference file="Source.cpp" line="358" />
</extent>
<extent>
<description>definition</description>
<source_reference file="Source.cpp" line="1144" />
</extent>
<lines_of_code value="23" level="0" />
<McCabes_cyclomatic_complexity value="3" level="0" />
<lines_of_comment value="0" level="0" />
<lines_of_code_per_line_of_comment value="******" level="2" />
<McCabes_cyclomatic_complexity_per_line_of_comment value="------" level="0" />
</member_function>
<member_function>
<name>BackupPrograms(string)</name>
<extent>
<description>declaration</description>
<source_reference file="Source.cpp" line="356" />
</extent>
<extent>
<description>definition</description>
<source_reference file="Source.cpp" line="1100" />
</extent>
<lines_of_code value="22" level="0" />
<McCabes_cyclomatic_complexity value="3" level="0" />
<lines_of_comment value="0" level="0" />
<lines_of_code_per_line_of_comment value="******" level="2" />
<McCabes_cyclomatic_complexity_per_line_of_comment value="------" level="0" />
</member_function>
<member_function>
<name>BackupQuestions(string)</name>
<extent>
<description>declaration</description>
<source_reference file="Source.cpp" line="362" />
</extent>
<extent>
<description>definition</description>
<source_reference file="Source.cpp" line="1227" />
</extent>
<lines_of_code value="19" level="0" />
<McCabes_cyclomatic_complexity value="2" level="0" />
<lines_of_comment value="0" level="0" />
<lines_of_code_per_line_of_comment value="------" level="0" />
<McCabes_cyclomatic_complexity_per_line_of_comment value="------" level="0" />
</member_function>
<member_function>
<name>BackupTopics(string)</name>
<extent>
<description>declaration</description>
<source_reference file="Source.cpp" line="360" />
</extent>
<extent>
<description>definition</description>
<source_reference file="Source.cpp" line="1188" />
</extent>
<lines_of_code value="19" level="0" />
<McCabes_cyclomatic_complexity value="2" level="0" />
<lines_of_comment value="0" level="0" />
<lines_of_code_per_line_of_comment value="------" level="0" />
<McCabes_cyclomatic_complexity_per_line_of_comment value="------" level="0" />
</member_function>
<member_function>
<name>CLOReport()</name>
<extent>
<description>declaration</description>
<source_reference file="Source.cpp" line="351" />
</extent>
<extent>
<description>definition</description>
<source_reference file="Source.cpp" line="900" />
</extent>
<lines_of_code value="19" level="0" />
<McCabes_cyclomatic_complexity value="2" level="0" />
<lines_of_comment value="0" level="0" />
<lines_of_code_per_line_of_comment value="------" level="0" />
<McCabes_cyclomatic_complexity_per_line_of_comment value="------" level="0" />
</member_function>
<member_function>
<name>CLOsOfCourseReport()</name>
<extent>
<description>declaration</description>
<source_reference file="Source.cpp" line="352" />
</extent>
<extent>
<description>definition</description>
<source_reference file="Source.cpp" line="918" />
</extent>
<lines_of_code value="18" level="0" />
<McCabes_cyclomatic_complexity value="2" level="0" />
<lines_of_comment value="0" level="0" />
<lines_of_code_per_line_of_comment value="------" level="0" />
<McCabes_cyclomatic_complexity_per_line_of_comment value="------" level="0" />
</member_function>
<member_function>
<name>CLOsOfPLO()</name>
<extent>
<description>declaration</description>
<source_reference file="Source.cpp" line="353" />
</extent>
<extent>
<description>definition</description>
<source_reference file="Source.cpp" line="935" />
</extent>
<lines_of_code value="14" level="0" />
<McCabes_cyclomatic_complexity value="1" level="0" />
<lines_of_comment value="0" level="0" />
<lines_of_code_per_line_of_comment value="------" level="0" />
<McCabes_cyclomatic_complexity_per_line_of_comment value="------" level="0" />
</member_function>
<member_function>
<name>CreateOBE()</name>
<extent>
<description>declaration</description>
<source_reference file="Source.cpp" line="309" />
</extent>
<extent>
<description>definition</description>
<source_reference file="Source.cpp" line="528" />
</extent>
<lines_of_code value="9" level="0" />
<McCabes_cyclomatic_complexity value="2" level="0" />
<lines_of_comment value="0" level="0" />
<lines_of_code_per_line_of_comment value="------" level="0" />
<McCabes_cyclomatic_complexity_per_line_of_comment value="------" level="0" />
</member_function>
<member_function>
<name>FindCLO(string)</name>
<extent>
<description>declaration</description>
<source_reference file="Source.cpp" line="327" />
</extent>
<extent>
<description>definition</description>
<source_reference file="Source.cpp" line="540" />
</extent>
<lines_of_code value="2" level="0" />
<McCabes_cyclomatic_complexity value="1" level="0" />
<lines_of_comment value="0" level="0" />
<lines_of_code_per_line_of_comment value="------" level="0" />
<McCabes_cyclomatic_complexity_per_line_of_comment value="------" level="0" />
</member_function>
<member_function>
<name>FindCourse(string)</name>
<extent>
<description>declaration</description>
<source_reference file="Source.cpp" line="325" />
</extent>
<extent>
<description>definition</description>
<source_reference file="Source.cpp" line="538" />
</extent>
<lines_of_code value="2" level="0" />
<McCabes_cyclomatic_complexity value="1" level="0" />
<lines_of_comment value="0" level="0" />
<lines_of_code_per_line_of_comment value="------" level="0" />
<McCabes_cyclomatic_complexity_per_line_of_comment value="------" level="0" />
</member_function>
<member_function>
<name>FindEmployee(string)</name>
<extent>
<description>declaration</description>
<source_reference file="Source.cpp" line="328" />
</extent>
<extent>
<description>definition</description>
<source_reference file="Source.cpp" line="541" />
</extent>
<lines_of_code value="2" level="0" />
<McCabes_cyclomatic_complexity value="1" level="0" />
<lines_of_comment value="0" level="0" />
<lines_of_code_per_line_of_comment value="------" level="0" />
<McCabes_cyclomatic_complexity_per_line_of_comment value="------" level="0" />
</member_function>
<member_function>
<name>FindPLO(string)</name>
<extent>
<description>declaration</description>
<source_reference file="Source.cpp" line="326" />
</extent>
<extent>
<description>definition</description>
<source_reference file="Source.cpp" line="539" />
</extent>
<lines_of_code value="2" level="0" />
<McCabes_cyclomatic_complexity value="1" level="0" />
<lines_of_comment value="0" level="0" />
<lines_of_code_per_line_of_comment value="------" level="0" />
<McCabes_cyclomatic_complexity_per_line_of_comment value="------" level="0" />
</member_function>
<member_function>
<name>FindProgram(string)</name>
<extent>
<description>declaration</description>
<source_reference file="Source.cpp" line="324" />
</extent>
<extent>
<description>definition</description>
<source_reference file="Source.cpp" line="537" />
</extent>
<lines_of_code value="2" level="0" />
<McCabes_cyclomatic_complexity value="1" level="0" />
<lines_of_comment value="0" level="0" />
<lines_of_code_per_line_of_comment value="------" level="0" />
<McCabes_cyclomatic_complexity_per_line_of_comment value="------" level="0" />
</member_function>
<member_function>
<name>GetAllEvals()</name>
<extent>
<description>declaration</description>
<source_reference file="Source.cpp" line="365" />
</extent>
<extent>
<description>definition</description>
<source_reference file="Source.cpp" line="1049" />
</extent>
<lines_of_code value="14" level="0" />
<McCabes_cyclomatic_complexity value="3" level="0" />
<lines_of_comment value="0" level="0" />
<lines_of_code_per_line_of_comment value="------" level="0" />
<McCabes_cyclomatic_complexity_per_line_of_comment value="------" level="0" />
</member_function>
<member_function>
<name>GetAllQs()</name>
<extent>
<description>declaration</description>
<source_reference file="Source.cpp" line="366" />
</extent>
<extent>
<description>definition</description>
<source_reference file="Source.cpp" line="1063" />
</extent>
<lines_of_code value="14" level="0" />
<McCabes_cyclomatic_complexity value="3" level="0" />
<lines_of_comment value="0" level="0" />
<lines_of_code_per_line_of_comment value="------" level="0" />
<McCabes_cyclomatic_complexity_per_line_of_comment value="------" level="0" />
</member_function>
<member_function>
<name>GetAllTopics()</name>
<extent>
<description>declaration</description>
<source_reference file="Source.cpp" line="364" />
</extent>
<extent>
<description>definition</description>
<source_reference file="Source.cpp" line="1036" />
</extent>
<lines_of_code value="14" level="0" />
<McCabes_cyclomatic_complexity value="3" level="0" />
<lines_of_comment value="0" level="0" />
<lines_of_code_per_line_of_comment value="------" level="0" />
<McCabes_cyclomatic_complexity_per_line_of_comment value="------" level="0" />
</member_function>
<member_function>
<name>ListAllCLOs()</name>
<extent>
<description>declaration</description>
<source_reference file="Source.cpp" line="334" />
</extent>
<extent>
<description>definition</description>
<source_reference file="Source.cpp" line="603" />
</extent>
<lines_of_code value="2" level="0" />
<McCabes_cyclomatic_complexity value="0" level="0" />
<lines_of_comment value="0" level="0" />
<lines_of_code_per_line_of_comment value="------" level="0" />
<McCabes_cyclomatic_complexity_per_line_of_comment value="------" level="0" />
</member_function>
<member_function>
<name>ListAllCourses()</name>
<extent>
<description>declaration</description>
<source_reference file="Source.cpp" line="331" />
</extent>
<extent>
<description>definition</description>
<source_reference file="Source.cpp" line="600" />
</extent>
<lines_of_code value="2" level="0" />
<McCabes_cyclomatic_complexity value="0" level="0" />
<lines_of_comment value="0" level="0" />
<lines_of_code_per_line_of_comment value="------" level="0" />
<McCabes_cyclomatic_complexity_per_line_of_comment value="------" level="0" />
</member_function>
<member_function>
<name>ListAllEmployees()</name>
<extent>
<description>declaration</description>
<source_reference file="Source.cpp" line="332" />
</extent>
<extent>
<description>definition</description>
<source_reference file="Source.cpp" line="601" />
</extent>
<lines_of_code value="2" level="0" />
<McCabes_cyclomatic_complexity value="0" level="0" />
<lines_of_comment value="0" level="0" />
<lines_of_code_per_line_of_comment value="------" level="0" />
<McCabes_cyclomatic_complexity_per_line_of_comment value="------" level="0" />
</member_function>
<member_function>
<name>ListAllPLOs()</name>
<extent>
<description>declaration</description>
<source_reference file="Source.cpp" line="333" />
</extent>
<extent>
<description>definition</description>
<source_reference file="Source.cpp" line="602" />
</extent>
<lines_of_code value="2" level="0" />
<McCabes_cyclomatic_complexity value="0" level="0" />
<lines_of_comment value="0" level="0" />
<lines_of_code_per_line_of_comment value="------" level="0" />
<McCabes_cyclomatic_complexity_per_line_of_comment value="------" level="0" />
</member_function>
<member_function>
<name>ListAllPrograms()</name>
<extent>
<description>declaration</description>
<source_reference file="Source.cpp" line="330" />
</extent>
<extent>
<description>definition</description>
<source_reference file="Source.cpp" line="599" />
</extent>
<lines_of_code value="2" level="0" />
<McCabes_cyclomatic_complexity value="0" level="0" />
<lines_of_comment value="0" level="0" />
<lines_of_code_per_line_of_comment value="------" level="0" />
<McCabes_cyclomatic_complexity_per_line_of_comment value="------" level="0" />
</member_function>
<member_function>
<name>LogIn()</name>
<extent>
<description>declaration</description>
<source_reference file="Source.cpp" line="319" />
</extent>
<extent>
<description>definition</description>
<source_reference file="Source.cpp" line="582" />
</extent>
<lines_of_code value="16" level="0" />
<McCabes_cyclomatic_complexity value="1" level="0" />
<lines_of_comment value="0" level="0" />
<lines_of_code_per_line_of_comment value="------" level="0" />
<McCabes_cyclomatic_complexity_per_line_of_comment value="------" level="0" />
</member_function>
<member_function>
<name>MainMenu()</name>
<extent>
<description>declaration</description>
<source_reference file="Source.cpp" line="368" />
</extent>
<extent>
<description>definition</description>
<source_reference file="Source.cpp" line="990" />
</extent>
<lines_of_code value="45" level="1" />
<McCabes_cyclomatic_complexity value="7" level="0" />
<lines_of_comment value="0" level="0" />
<lines_of_code_per_line_of_comment value="******" level="2" />
<McCabes_cyclomatic_complexity_per_line_of_comment value="******" level="2" />
</member_function>
<member_function>
<name>OBE()</name>
<extent>
<description>definition</description>
<source_reference file="Source.cpp" line="297" />
</extent>
<lines_of_code value="1" level="0" />
<McCabes_cyclomatic_complexity value="0" level="0" />
<lines_of_comment value="0" level="0" />
<lines_of_code_per_line_of_comment value="------" level="0" />
<McCabes_cyclomatic_complexity_per_line_of_comment value="------" level="0" />
</member_function>
<member_function>
<name>ReadCLOsFromFile(string)</name>
<extent>
<description>declaration</description>
<source_reference file="Source.cpp" line="340" />
</extent>
<extent>
<description>definition</description>
<source_reference file="Source.cpp" line="724" />
</extent>
<lines_of_code value="39" level="1" />
<McCabes_cyclomatic_complexity value="4" level="0" />
<lines_of_comment value="0" level="0" />
<lines_of_code_per_line_of_comment value="******" level="2" />
<McCabes_cyclomatic_complexity_per_line_of_comment value="------" level="0" />
</member_function>
<member_function>
<name>ReadCoursesFromFile(string)</name>
<extent>
<description>declaration</description>
<source_reference file="Source.cpp" line="337" />
</extent>
<extent>
<description>definition</description>
<source_reference file="Source.cpp" line="656" />
</extent>
<lines_of_code value="34" level="1" />
<McCabes_cyclomatic_complexity value="4" level="0" />
<lines_of_comment value="0" level="0" />
<lines_of_code_per_line_of_comment value="******" level="2" />
<McCabes_cyclomatic_complexity_per_line_of_comment value="------" level="0" />
</member_function>
<member_function>
<name>ReadEmployeesFromFile(string)</name>
<extent>
<description>declaration</description>
<source_reference file="Source.cpp" line="338" />
</extent>
<extent>
<description>definition</description>
<source_reference file="Source.cpp" line="605" />
</extent>
<lines_of_code value="29" level="0" />
<McCabes_cyclomatic_complexity value="4" level="0" />
<lines_of_comment value="0" level="0" />
<lines_of_code_per_line_of_comment value="******" level="2" />
<McCabes_cyclomatic_complexity_per_line_of_comment value="------" level="0" />
</member_function>
<member_function>
<name>ReadEvaluationsFromFile(string)</name>
<extent>
<description>declaration</description>
<source_reference file="Source.cpp" line="343" />
</extent>
<extent>
<description>definition</description>
<source_reference file="Source.cpp" line="829" />
</extent>
<lines_of_code value="17" level="0" />
<McCabes_cyclomatic_complexity value="2" level="0" />
<lines_of_comment value="1" level="0" />
<lines_of_code_per_line_of_comment value="------" level="0" />
<McCabes_cyclomatic_complexity_per_line_of_comment value="------" level="0" />
</member_function>
<member_function>
<name>ReadPLOsFromFile(string)</name>
<extent>
<description>declaration</description>
<source_reference file="Source.cpp" line="339" />
</extent>
<extent>
<description>definition</description>
<source_reference file="Source.cpp" line="693" />
</extent>
<lines_of_code value="29" level="0" />
<McCabes_cyclomatic_complexity value="3" level="0" />
<lines_of_comment value="0" level="0" />
<lines_of_code_per_line_of_comment value="******" level="2" />
<McCabes_cyclomatic_complexity_per_line_of_comment value="------" level="0" />
</member_function>
<member_function>
<name>ReadProgramsFromFile(string)</name>
<extent>
<description>declaration</description>
<source_reference file="Source.cpp" line="336" />
</extent>
<extent>
<description>definition</description>
<source_reference file="Source.cpp" line="636" />
</extent>
<lines_of_code value="19" level="0" />
<McCabes_cyclomatic_complexity value="2" level="0" />
<lines_of_comment value="0" level="0" />
<lines_of_code_per_line_of_comment value="------" level="0" />
<McCabes_cyclomatic_complexity_per_line_of_comment value="------" level="0" />
</member_function>
<member_function>
<name>ReadQuestionsFromFile(string)</name>
<extent>
<description>declaration</description>
<source_reference file="Source.cpp" line="344" />
</extent>
<extent>
<description>definition</description>
<source_reference file="Source.cpp" line="846" />
</extent>
<lines_of_code value="17" level="0" />
<McCabes_cyclomatic_complexity value="2" level="0" />
<lines_of_comment value="0" level="0" />
<lines_of_code_per_line_of_comment value="------" level="0" />
<McCabes_cyclomatic_complexity_per_line_of_comment value="------" level="0" />
</member_function>
<member_function>
<name>ReadTeachingsFromFile(string)</name>
<extent>
<description>declaration</description>
<source_reference file="Source.cpp" line="341" />
</extent>
<extent>
<description>definition</description>
<source_reference file="Source.cpp" line="765" />
</extent>
<lines_of_code value="43" level="1" />
<McCabes_cyclomatic_complexity value="6" level="0" />
<lines_of_comment value="0" level="0" />
<lines_of_code_per_line_of_comment value="******" level="2" />
<McCabes_cyclomatic_complexity_per_line_of_comment value="******" level="2" />
</member_function>
<member_function>
<name>ReadTopicsFromFile(string)</name>
<extent>
<description>declaration</description>
<source_reference file="Source.cpp" line="342" />
</extent>
<extent>
<description>definition</description>
<source_reference file="Source.cpp" line="812" />
</extent>
<lines_of_code value="17" level="0" />
<McCabes_cyclomatic_complexity value="2" level="0" />
<lines_of_comment value="0" level="0" />
<lines_of_code_per_line_of_comment value="------" level="0" />
<McCabes_cyclomatic_complexity_per_line_of_comment value="------" level="0" />
</member_function>
<member_function>
<name>RemoveCLO(string)</name>
<extent>
<description>declaration</description>
<source_reference file="Source.cpp" line="349" />
</extent>
<extent>
<description>definition</description>
<source_reference file="Source.cpp" line="890" />
</extent>
<lines_of_code value="10" level="0" />
<McCabes_cyclomatic_complexity value="3" level="0" />
<lines_of_comment value="0" level="0" />
<lines_of_code_per_line_of_comment value="------" level="0" />
<McCabes_cyclomatic_complexity_per_line_of_comment value="------" level="0" />
</member_function>
<member_function>
<name>RemoveCourse(string)</name>
<extent>
<description>declaration</description>
<source_reference file="Source.cpp" line="347" />
</extent>
<extent>
<description>definition</description>
<source_reference file="Source.cpp" line="872" />
</extent>
<lines_of_code value="10" level="0" />
<McCabes_cyclomatic_complexity value="3" level="0" />
<lines_of_comment value="0" level="0" />
<lines_of_code_per_line_of_comment value="------" level="0" />
<McCabes_cyclomatic_complexity_per_line_of_comment value="------" level="0" />
</member_function>
<member_function>
<name>RemovePLO(string)</name>
<extent>
<description>declaration</description>
<source_reference file="Source.cpp" line="348" />
</extent>
<extent>
<description>definition</description>
<source_reference file="Source.cpp" line="881" />
</extent>
<lines_of_code value="10" level="0" />
<McCabes_cyclomatic_complexity value="3" level="0" />
<lines_of_comment value="0" level="0" />
<lines_of_code_per_line_of_comment value="------" level="0" />
<McCabes_cyclomatic_complexity_per_line_of_comment value="------" level="0" />
</member_function>
<member_function>
<name>RemoveProgram(string)</name>
<extent>
<description>declaration</description>
<source_reference file="Source.cpp" line="346" />
</extent>
<extent>
<description>definition</description>
<source_reference file="Source.cpp" line="863" />
</extent>
<lines_of_code value="10" level="0" />
<McCabes_cyclomatic_complexity value="3" level="0" />
<lines_of_comment value="0" level="0" />
<lines_of_code_per_line_of_comment value="------" level="0" />
<McCabes_cyclomatic_complexity_per_line_of_comment value="------" level="0" />
</member_function>
<member_function>
<name>SignUp()</name>
<extent>
<description>declaration</description>
<source_reference file="Source.cpp" line="318" />
</extent>
<extent>
<description>definition</description>
<source_reference file="Source.cpp" line="551" />
</extent>
<lines_of_code value="28" level="0" />
<McCabes_cyclomatic_complexity value="3" level="0" />
<lines_of_comment value="0" level="0" />
<lines_of_code_per_line_of_comment value="******" level="2" />
<McCabes_cyclomatic_complexity_per_line_of_comment value="------" level="0" />
</member_function>
<member_function>
<name>SystemBackup()</name>
<extent>
<description>declaration</description>
<source_reference file="Source.cpp" line="320" />
</extent>
<extent>
<description>definition</description>
<source_reference file="Source.cpp" line="513" />
</extent>
<lines_of_code value="12" level="0" />
<McCabes_cyclomatic_complexity value="0" level="0" />
<lines_of_comment value="0" level="0" />
<lines_of_code_per_line_of_comment value="------" level="0" />
<McCabes_cyclomatic_complexity_per_line_of_comment value="------" level="0" />
</member_function>
<member_function>
<name>SystemSetup()</name>
<extent>
<description>declaration</description>
<source_reference file="Source.cpp" line="321" />
</extent>
<extent>
<description>definition</description>
<source_reference file="Source.cpp" line="501" />
</extent>
<lines_of_code value="13" level="0" />
<McCabes_cyclomatic_complexity value="0" level="0" />
<lines_of_comment value="0" level="0" />
<lines_of_code_per_line_of_comment value="------" level="0" />
<McCabes_cyclomatic_complexity_per_line_of_comment value="------" level="0" />
</member_function>
<member_function>
<name>ViewReports()</name>
<extent>
<description>declaration</description>
<source_reference file="Source.cpp" line="322" />
</extent>
<extent>
<description>definition</description>
<source_reference file="Source.cpp" line="949" />
</extent>
<lines_of_code value="39" level="1" />
<McCabes_cyclomatic_complexity value="7" level="0" />
<lines_of_comment value="0" level="0" />
<lines_of_code_per_line_of_comment value="******" level="2" />
<McCabes_cyclomatic_complexity_per_line_of_comment value="******" level="2" />
</member_function>
<member_function>
<name>getCurrEmployee()</name>
<extent>
<description>declaration</description>
<source_reference file="Source.cpp" line="310" />
</extent>
<extent>
<description>definition</description>
<source_reference file="Source.cpp" line="543" />
</extent>
<lines_of_code value="2" level="0" />
<McCabes_cyclomatic_complexity value="1" level="0" />
<lines_of_comment value="0" level="0" />
<lines_of_code_per_line_of_comment value="------" level="0" />
<McCabes_cyclomatic_complexity_per_line_of_comment value="------" level="0" />
</member_function>
<member_function>
<name>~OBE()</name>
<extent>
<description>definition</description>
<source_reference file="Source.cpp" line="300" />
</extent>
<lines_of_code value="9" level="0" />
<McCabes_cyclomatic_complexity value="0" level="0" />
<lines_of_comment value="0" level="0" />
<lines_of_code_per_line_of_comment value="------" level="0" />
<McCabes_cyclomatic_complexity_per_line_of_comment value="------" level="0" />
</member_function>
</procedural_detail>
<structural_detail>
<module>
<name>OBE</name>
<client_module>
</client_module>
<supplier_module>
<name>CLO</name>
<visible>true</visible>
<concrete>false</concrete>
<extent>
<description>pass by reference</description>
<source_reference file="Source.cpp" line="315" />
</extent>
<extent>
<description>pass by reference</description>
<source_reference file="Source.cpp" line="548" />
</extent>
<name>Course</name>
<visible>true</visible>
<concrete>false</concrete>
<extent>
<description>pass by reference</description>
<source_reference file="Source.cpp" line="313" />
</extent>
<extent>
<description>pass by reference</description>
<source_reference file="Source.cpp" line="546" />
</extent>
<name>Employee</name>
<visible>true</visible>
<concrete>false</concrete>
<extent>
<description>has by reference</description>
<source_reference file="Source.cpp" line="294" />
</extent>
<extent>
<description>pass by reference</description>
<source_reference file="Source.cpp" line="316" />
</extent>
<extent>
<description>pass by reference</description>
<source_reference file="Source.cpp" line="549" />
</extent>
<name>PLO</name>
<visible>true</visible>
<concrete>false</concrete>
<extent>
<description>pass by reference</description>
<source_reference file="Source.cpp" line="314" />
</extent>
<extent>
<description>pass by reference</description>
<source_reference file="Source.cpp" line="547" />
</extent>
<name>Program</name>
<visible>true</visible>
<concrete>false</concrete>
<extent>
<description>pass by reference</description>
<source_reference file="Source.cpp" line="312" />
</extent>
<extent>
<description>pass by reference</description>
<source_reference file="Source.cpp" line="545" />
</extent>
<name>string</name>
<visible>true</visible>
<concrete>true</concrete>
<extent>
<description>pass by value</description>
<source_reference file="Source.cpp" line="324" />
</extent>
<extent>
<description>pass by value</description>
<source_reference file="Source.cpp" line="325" />
</extent>
<extent>
<description>pass by value</description>
<source_reference file="Source.cpp" line="326" />
</extent>
<extent>
<description>pass by value</description>
<source_reference file="Source.cpp" line="327" />
</extent>
<extent>
<description>pass by value</description>
<source_reference file="Source.cpp" line="328" />
</extent>
<extent>
<description>pass by value</description>
<source_reference file="Source.cpp" line="336" />
</extent>
<extent>
<description>pass by value</description>
<source_reference file="Source.cpp" line="337" />
</extent>
<extent>
<description>pass by value</description>
<source_reference file="Source.cpp" line="338" />
</extent>
<extent>
<description>pass by value</description>
<source_reference file="Source.cpp" line="339" />
</extent>
<extent>
<description>pass by value</description>
<source_reference file="Source.cpp" line="340" />
</extent>
<extent>
<description>pass by value</description>
<source_reference file="Source.cpp" line="341" />
</extent>
<extent>
<description>pass by value</description>
<source_reference file="Source.cpp" line="342" />
</extent>
<extent>
<description>pass by value</description>
<source_reference file="Source.cpp" line="343" />
</extent>
<extent>
<description>pass by value</description>
<source_reference file="Source.cpp" line="344" />
</extent>
<extent>
<description>pass by value</description>
<source_reference file="Source.cpp" line="346" />
</extent>
<extent>
<description>pass by value</description>
<source_reference file="Source.cpp" line="347" />
</extent>
<extent>
<description>pass by value</description>
<source_reference file="Source.cpp" line="348" />
</extent>
<extent>
<description>pass by value</description>
<source_reference file="Source.cpp" line="349" />
</extent>
<extent>
<description>pass by value</description>
<source_reference file="Source.cpp" line="355" />
</extent>
<extent>
<description>pass by value</description>
<source_reference file="Source.cpp" line="356" />
</extent>
<extent>
<description>pass by value</description>
<source_reference file="Source.cpp" line="357" />
</extent>
<extent>
<description>pass by value</description>
<source_reference file="Source.cpp" line="358" />
</extent>
<extent>
<description>pass by value</description>
<source_reference file="Source.cpp" line="359" />
</extent>
<extent>
<description>pass by value</description>
<source_reference file="Source.cpp" line="360" />
</extent>
<extent>
<description>pass by value</description>
<source_reference file="Source.cpp" line="361" />
</extent>
<extent>
<description>pass by value</description>
<source_reference file="Source.cpp" line="362" />
</extent>
<extent>
<description>pass by value</description>
<source_reference file="Source.cpp" line="537" />
</extent>
<extent>
<description>pass by value</description>
<source_reference file="Source.cpp" line="538" />
</extent>
<extent>
<description>pass by value</description>
<source_reference file="Source.cpp" line="539" />
</extent>
<extent>
<description>pass by value</description>
<source_reference file="Source.cpp" line="540" />
</extent>
<extent>
<description>pass by value</description>
<source_reference file="Source.cpp" line="541" />
</extent>
<extent>
<description>pass by value</description>
<source_reference file="Source.cpp" line="605" />
</extent>
<extent>
<description>pass by value</description>
<source_reference file="Source.cpp" line="636" />
</extent>
<extent>
<description>pass by value</description>
<source_reference file="Source.cpp" line="656" />
</extent>
<extent>
<description>pass by value</description>
<source_reference file="Source.cpp" line="693" />
</extent>
<extent>
<description>pass by value</description>
<source_reference file="Source.cpp" line="724" />
</extent>
<extent>
<description>pass by value</description>
<source_reference file="Source.cpp" line="765" />
</extent>
<extent>
<description>pass by value</description>
<source_reference file="Source.cpp" line="812" />
</extent>
<extent>
<description>pass by value</description>
<source_reference file="Source.cpp" line="829" />
</extent>
<extent>
<description>pass by value</description>
<source_reference file="Source.cpp" line="846" />
</extent>
<extent>
<description>pass by value</description>
<source_reference file="Source.cpp" line="863" />
</extent>
<extent>
<description>pass by value</description>
<source_reference file="Source.cpp" line="872" />
</extent>
<extent>
<description>pass by value</description>
<source_reference file="Source.cpp" line="881" />
</extent>
<extent>
<description>pass by value</description>
<source_reference file="Source.cpp" line="890" />
</extent>
<extent>
<description>pass by value</description>
<source_reference file="Source.cpp" line="1077" />
</extent>
<extent>
<description>pass by value</description>
<source_reference file="Source.cpp" line="1100" />
</extent>
<extent>
<description>pass by value</description>
<source_reference file="Source.cpp" line="1121" />
</extent>
<extent>
<description>pass by value</description>
<source_reference file="Source.cpp" line="1144" />
</extent>
<extent>
<description>pass by value</description>
<source_reference file="Source.cpp" line="1166" />
</extent>
<extent>
<description>pass by value</description>
<source_reference file="Source.cpp" line="1188" />
</extent>
<extent>
<description>pass by value</description>
<source_reference file="Source.cpp" line="1208" />
</extent>
<extent>
<description>pass by value</description>
<source_reference file="Source.cpp" line="1227" />
</extent>
<name>vector</name>
<visible>false</visible>
<concrete>true</concrete>
<extent>
<description>has by value</description>
<source_reference file="Source.cpp" line="287" />
</extent>
<extent>
<description>has by value</description>
<source_reference file="Source.cpp" line="288" />
</extent>
<extent>
<description>has by value</description>
<source_reference file="Source.cpp" line="289" />
</extent>
<extent>
<description>has by value</description>
<source_reference file="Source.cpp" line="290" />
</extent>
<extent>
<description>has by value</description>
<source_reference file="Source.cpp" line="291" />
</extent>
<extent>
<description>has by value</description>
<source_reference file="Source.cpp" line="292" />
</extent>
</supplier_module>
</module>
</structural_detail>
</CCCC_Project>
