<?xml version="1.0" encoding="utf-8"?>
<!--Detailed report on module ofstream-->
<CCCC_Project>
<module_summary>
<lines_of_code value="0" level="0" />
<lines_of_code_per_member_function value="******" level="0" />
<McCabes_cyclomatic_complexity value="0" level="0" />
<McCabes_cyclomatic_complexity_per_member_function value="******" level="0" />
<lines_of_code value="0" level="0" />
<lines_of_code_per_member_function value="********" level="0" />
<lines_of_code_per_line_of_comment value="------" level="0" />
<McCabes_cyclomatic_complexity_per_line_of_comment value="------" level="0" />
<weighted_methods_per_class_unity value="0" level="0" />
<weighted_methods_per_class_visibility value="0" level="0" />
<depth_of_inheritance_tree value="0" level="0" />
<number_of_children value="0" level="0" />
<coupling_between_objects value="6" level="0" />
<IF4 value="0" level="0" />
<IF4_per_member_function value="********" level="0" />
<IF4_visible value="0" level="0" />
<IF4_visible_per_member_function value="********" level="0" />
<IF4_concrete value="0" level="0" />
<IF4_concrete_per_member_function value="********" level="0" />
</module_summary>
<module_detail>
</module_detail>
<procedural_detail>
</procedural_detail>
<structural_detail>
<module>
<name>ofstream</name>
<client_module>
<name>CLO</name>
<visible>true</visible>
<concrete>false</concrete>
<extent>
<description>pass by reference</description>
<source_reference file="Source.cpp" line="115" />
</extent>
<extent>
<description>pass by reference</description>
<source_reference file="Source.cpp" line="447" />
</extent>
<name>Course</name>
<visible>true</visible>
<concrete>false</concrete>
<extent>
<description>pass by reference</description>
<source_reference file="Source.cpp" line="132" />
</extent>
<extent>
<description>pass by reference</description>
<source_reference file="Source.cpp" line="135" />
</extent>
<extent>
<description>pass by reference</description>
<source_reference file="Source.cpp" line="467" />
</extent>
<extent>
<description>pass by reference</description>
<source_reference file="Source.cpp" line="479" />
</extent>
<name>Entity</name>
<visible>true</visible>
<concrete>false</concrete>
<extent>
<description>pass by reference</description>
<source_reference file="Source.cpp" line="81" />
</extent>
<extent>
<description>pass by reference</description>
<source_reference file="Source.cpp" line="406" />
</extent>
<name>Evaluation</name>
<visible>true</visible>
<concrete>false</concrete>
<extent>
<description>pass by reference</description>
<source_reference file="Source.cpp" line="221" />
</extent>
<extent>
<description>pass by reference</description>
<source_reference file="Source.cpp" line="2127" />
</extent>
<name>Question</name>
<visible>true</visible>
<concrete>false</concrete>
<extent>
<description>pass by reference</description>
<source_reference file="Source.cpp" line="204" />
</extent>
<extent>
<description>pass by reference</description>
<source_reference file="Source.cpp" line="2180" />
</extent>
<name>Topic</name>
<visible>true</visible>
<concrete>false</concrete>
<extent>
<description>pass by reference</description>
<source_reference file="Source.cpp" line="176" />
</extent>
<extent>
<description>pass by reference</description>
<source_reference file="Source.cpp" line="2149" />
</extent>
</client_module>
<supplier_module>
</supplier_module>
</module>
</structural_detail>
</CCCC_Project>
