<?xml version="1.0" encoding="utf-8"?>
<!--Detailed report on module PLO-->
<CCCC_Project>
<module_summary>
<lines_of_code value="26" level="0" />
<lines_of_code_per_member_function value="******" level="0" />
<McCabes_cyclomatic_complexity value="2" level="0" />
<McCabes_cyclomatic_complexity_per_member_function value="******" level="2" />
<lines_of_code value="1" level="0" />
<lines_of_code_per_member_function value="********" level="2" />
<lines_of_code_per_line_of_comment value="26.000" level="1" />
<McCabes_cyclomatic_complexity_per_line_of_comment value="------" level="0" />
<weighted_methods_per_class_unity value="6" level="0" />
<weighted_methods_per_class_visibility value="6" level="0" />
<depth_of_inheritance_tree value="1" level="0" />
<number_of_children value="0" level="0" />
<coupling_between_objects value="6" level="0" />
<IF4 value="81" level="0" />
<IF4_per_member_function value="********" level="2" />
<IF4_visible value="81" level="1" />
<IF4_visible_per_member_function value="********" level="2" />
<IF4_concrete value="0" level="0" />
<IF4_concrete_per_member_function value="********" level="0" />
</module_summary>
<module_detail>
<description>definition</description>
<source_reference file="Source.cpp" line="86" />
<lines_of_code value="6" level="0" />
<McCabes_cyclomatic_complexity value="0" level="0" />
<lines_of_comment value="0" level="0" />
<lines_of_code_per_line_of_comment value="------" level="0" />
<McCabes_cyclomatic_complexity_per_line_of_comment value="------" level="0" />
</module_detail>
<procedural_detail>
<member_function>
<name>AddCLO(CLO *)</name>
<extent>
<description>declaration</description>
<source_reference file="Source.cpp" line="94" />
</extent>
<extent>
<description>definition</description>
<source_reference file="Source.cpp" line="420" />
</extent>
<lines_of_code value="2" level="0" />
<McCabes_cyclomatic_complexity value="0" level="0" />
<lines_of_comment value="0" level="0" />
<lines_of_code_per_line_of_comment value="------" level="0" />
<McCabes_cyclomatic_complexity_per_line_of_comment value="------" level="0" />
</member_function>
<member_function>
<name>GetProgramPTR()</name>
<extent>
<description>declaration</description>
<source_reference file="Source.cpp" line="98" />
</extent>
<extent>
<description>definition</description>
<source_reference file="Source.cpp" line="430" />
</extent>
<lines_of_code value="2" level="0" />
<McCabes_cyclomatic_complexity value="1" level="0" />
<lines_of_comment value="0" level="0" />
<lines_of_code_per_line_of_comment value="------" level="0" />
<McCabes_cyclomatic_complexity_per_line_of_comment value="------" level="0" />
</member_function>
<member_function>
<name>ListCLOs()</name>
<extent>
<description>declaration</description>
<source_reference file="Source.cpp" line="96" />
</extent>
<extent>
<description>definition</description>
<source_reference file="Source.cpp" line="422" />
</extent>
<lines_of_code value="8" level="0" />
<McCabes_cyclomatic_complexity value="1" level="0" />
<lines_of_comment value="0" level="0" />
<lines_of_code_per_line_of_comment value="------" level="0" />
<McCabes_cyclomatic_complexity_per_line_of_comment value="------" level="0" />
</member_function>
<member_function>
<name>RemoveCLO(CLO *)</name>
<extent>
<description>declaration</description>
<source_reference file="Source.cpp" line="95" />
</extent>
<extent>
<description>definition</description>
<source_reference file="Source.cpp" line="421" />
</extent>
<lines_of_code value="2" level="0" />
<McCabes_cyclomatic_complexity value="0" level="0" />
<lines_of_comment value="0" level="0" />
<lines_of_code_per_line_of_comment value="------" level="0" />
<McCabes_cyclomatic_complexity_per_line_of_comment value="------" level="0" />
</member_function>
<member_function>
<name>SetProgramPTR(Entity *)</name>
<extent>
<description>declaration</description>
<source_reference file="Source.cpp" line="97" />
</extent>
<extent>
<description>definition</description>
<source_reference file="Source.cpp" line="429" />
</extent>
<lines_of_code value="2" level="0" />
<McCabes_cyclomatic_complexity value="0" level="0" />
<lines_of_comment value="0" level="0" />
<lines_of_code_per_line_of_comment value="------" level="0" />
<McCabes_cyclomatic_complexity_per_line_of_comment value="------" level="0" />
</member_function>
<member_function>
<name>~PLO()</name>
<extent>
<description>declaration</description>
<source_reference file="Source.cpp" line="93" />
</extent>
<extent>
<description>definition</description>
<source_reference file="Source.cpp" line="2198" />
</extent>
<lines_of_code value="4" level="0" />
<McCabes_cyclomatic_complexity value="0" level="0" />
<lines_of_comment value="1" level="0" />
<lines_of_code_per_line_of_comment value="------" level="0" />
<McCabes_cyclomatic_complexity_per_line_of_comment value="------" level="0" />
</member_function>
</procedural_detail>
<structural_detail>
<module>
<name>PLO</name>
<client_module>
<name>CLO</name>
<visible>true</visible>
<concrete>false</concrete>
<extent>
<description>has by reference</description>
<source_reference file="Source.cpp" line="102" />
</extent>
<extent>
<description>pass by reference</description>
<source_reference file="Source.cpp" line="109" />
</extent>
<extent>
<description>pass by reference</description>
<source_reference file="Source.cpp" line="432" />
</extent>
<name>OBE</name>
<visible>true</visible>
<concrete>false</concrete>
<extent>
<description>pass by reference</description>
<source_reference file="Source.cpp" line="314" />
</extent>
<extent>
<description>pass by reference</description>
<source_reference file="Source.cpp" line="547" />
</extent>
<name>Program</name>
<visible>true</visible>
<concrete>false</concrete>
<extent>
<description>pass by reference</description>
<source_reference file="Source.cpp" line="145" />
</extent>
<extent>
<description>pass by reference</description>
<source_reference file="Source.cpp" line="487" />
</extent>
</client_module>
<supplier_module>
<name>CLO</name>
<visible>true</visible>
<concrete>false</concrete>
<extent>
<description>pass by reference</description>
<source_reference file="Source.cpp" line="94" />
</extent>
<extent>
<description>pass by reference</description>
<source_reference file="Source.cpp" line="95" />
</extent>
<extent>
<description>pass by reference</description>
<source_reference file="Source.cpp" line="420" />
</extent>
<extent>
<description>pass by reference</description>
<source_reference file="Source.cpp" line="421" />
</extent>
<name>Entity</name>
<visible>true</visible>
<concrete>true</concrete>
<extent>
<description>inheritance</description>
<source_reference file="Source.cpp" line="86" />
</extent>
<extent>
<description>has by reference</description>
<source_reference file="Source.cpp" line="89" />
</extent>
<extent>
<description>pass by reference</description>
<source_reference file="Source.cpp" line="97" />
</extent>
<extent>
<description>pass by reference</description>
<source_reference file="Source.cpp" line="429" />
</extent>
<name>vector</name>
<visible>true</visible>
<concrete>true</concrete>
<extent>
<description>has by value</description>
<source_reference file="Source.cpp" line="88" />
</extent>
</supplier_module>
</module>
</structural_detail>
</CCCC_Project>
