<?xml version="1.0" encoding="utf-8"?>
<!--Detailed report on module Program-->
<CCCC_Project>
<module_summary>
<lines_of_code value="18" level="0" />
<lines_of_code_per_member_function value="******" level="0" />
<McCabes_cyclomatic_complexity value="0" level="0" />
<McCabes_cyclomatic_complexity_per_member_function value="******" level="0" />
<lines_of_code value="0" level="0" />
<lines_of_code_per_member_function value="********" level="0" />
<lines_of_code_per_line_of_comment value="------" level="0" />
<McCabes_cyclomatic_complexity_per_line_of_comment value="------" level="0" />
<weighted_methods_per_class_unity value="4" level="0" />
<weighted_methods_per_class_visibility value="4" level="0" />
<depth_of_inheritance_tree value="1" level="0" />
<number_of_children value="0" level="0" />
<coupling_between_objects value="6" level="0" />
<IF4 value="64" level="0" />
<IF4_per_member_function value="********" level="2" />
<IF4_visible value="64" level="1" />
<IF4_visible_per_member_function value="********" level="2" />
<IF4_concrete value="0" level="0" />
<IF4_concrete_per_member_function value="********" level="0" />
</module_summary>
<module_detail>
<description>declaration</description>
<source_reference file="Source.cpp" line="118" />
<lines_of_code value="1" level="0" />
<McCabes_cyclomatic_complexity value="0" level="0" />
<lines_of_comment value="0" level="0" />
<lines_of_code_per_line_of_comment value="------" level="0" />
<McCabes_cyclomatic_complexity_per_line_of_comment value="------" level="0" />
<description>definition</description>
<source_reference file="Source.cpp" line="137" />
<lines_of_code value="6" level="0" />
<McCabes_cyclomatic_complexity value="0" level="0" />
<lines_of_comment value="0" level="0" />
<lines_of_code_per_line_of_comment value="------" level="0" />
<McCabes_cyclomatic_complexity_per_line_of_comment value="------" level="0" />
</module_detail>
<procedural_detail>
<member_function>
<name>AddCourse(Course *)</name>
<extent>
<description>declaration</description>
<source_reference file="Source.cpp" line="146" />
</extent>
<extent>
<description>definition</description>
<source_reference file="Source.cpp" line="488" />
</extent>
<lines_of_code value="2" level="0" />
<McCabes_cyclomatic_complexity value="0" level="0" />
<lines_of_comment value="0" level="0" />
<lines_of_code_per_line_of_comment value="------" level="0" />
<McCabes_cyclomatic_complexity_per_line_of_comment value="------" level="0" />
</member_function>
<member_function>
<name>AddPLO(PLO *)</name>
<extent>
<description>declaration</description>
<source_reference file="Source.cpp" line="145" />
</extent>
<extent>
<description>definition</description>
<source_reference file="Source.cpp" line="487" />
</extent>
<lines_of_code value="2" level="0" />
<McCabes_cyclomatic_complexity value="0" level="0" />
<lines_of_comment value="0" level="0" />
<lines_of_code_per_line_of_comment value="------" level="0" />
<McCabes_cyclomatic_complexity_per_line_of_comment value="------" level="0" />
</member_function>
<member_function>
<name>ListOfferedCourses()</name>
<extent>
<description>declaration</description>
<source_reference file="Source.cpp" line="147" />
</extent>
<extent>
<description>definition</description>
<source_reference file="Source.cpp" line="489" />
</extent>
<lines_of_code value="2" level="0" />
<McCabes_cyclomatic_complexity value="0" level="0" />
<lines_of_comment value="0" level="0" />
<lines_of_code_per_line_of_comment value="------" level="0" />
<McCabes_cyclomatic_complexity_per_line_of_comment value="------" level="0" />
</member_function>
<member_function>
<name>~Program()</name>
<extent>
<description>declaration</description>
<source_reference file="Source.cpp" line="144" />
</extent>
<extent>
<description>definition</description>
<source_reference file="Source.cpp" line="2189" />
</extent>
<lines_of_code value="5" level="0" />
<McCabes_cyclomatic_complexity value="0" level="0" />
<lines_of_comment value="0" level="0" />
<lines_of_code_per_line_of_comment value="------" level="0" />
<McCabes_cyclomatic_complexity_per_line_of_comment value="------" level="0" />
</member_function>
</procedural_detail>
<structural_detail>
<module>
<name>Program</name>
<client_module>
<name>Course</name>
<visible>true</visible>
<concrete>false</concrete>
<extent>
<description>pass by reference</description>
<source_reference file="Source.cpp" line="131" />
</extent>
<extent>
<description>pass by reference</description>
<source_reference file="Source.cpp" line="476" />
</extent>
<name>OBE</name>
<visible>true</visible>
<concrete>false</concrete>
<extent>
<description>pass by reference</description>
<source_reference file="Source.cpp" line="312" />
</extent>
<extent>
<description>pass by reference</description>
<source_reference file="Source.cpp" line="545" />
</extent>
</client_module>
<supplier_module>
<name>Course</name>
<visible>true</visible>
<concrete>false</concrete>
<extent>
<description>pass by reference</description>
<source_reference file="Source.cpp" line="146" />
</extent>
<extent>
<description>pass by reference</description>
<source_reference file="Source.cpp" line="488" />
</extent>
<name>Entity</name>
<visible>true</visible>
<concrete>true</concrete>
<extent>
<description>inheritance</description>
<source_reference file="Source.cpp" line="137" />
</extent>
<name>PLO</name>
<visible>true</visible>
<concrete>false</concrete>
<extent>
<description>pass by reference</description>
<source_reference file="Source.cpp" line="145" />
</extent>
<extent>
<description>pass by reference</description>
<source_reference file="Source.cpp" line="487" />
</extent>
<name>vector</name>
<visible>true</visible>
<concrete>true</concrete>
<extent>
<description>has by value</description>
<source_reference file="Source.cpp" line="139" />
</extent>
<extent>
<description>has by value</description>
<source_reference file="Source.cpp" line="140" />
</extent>
</supplier_module>
</module>
</structural_detail>
</CCCC_Project>
