<?xml version="1.0" encoding="utf-8"?>
<!--Detailed report on module Question-->
<CCCC_Project>
<module_summary>
<lines_of_code value="52" level="0" />
<lines_of_code_per_member_function value="******" level="0" />
<McCabes_cyclomatic_complexity value="0" level="0" />
<McCabes_cyclomatic_complexity_per_member_function value="******" level="0" />
<lines_of_code value="0" level="0" />
<lines_of_code_per_member_function value="********" level="0" />
<lines_of_code_per_line_of_comment value="******" level="2" />
<McCabes_cyclomatic_complexity_per_line_of_comment value="------" level="0" />
<weighted_methods_per_class_unity value="8" level="0" />
<weighted_methods_per_class_visibility value="8" level="0" />
<depth_of_inheritance_tree value="0" level="0" />
<number_of_children value="0" level="0" />
<coupling_between_objects value="8" level="0" />
<IF4 value="144" level="1" />
<IF4_per_member_function value="********" level="2" />
<IF4_visible value="100" level="1" />
<IF4_visible_per_member_function value="********" level="2" />
<IF4_concrete value="0" level="0" />
<IF4_concrete_per_member_function value="********" level="0" />
</module_summary>
<module_detail>
<description>declaration</description>
<source_reference file="Source.cpp" line="68" />
<lines_of_code value="1" level="0" />
<McCabes_cyclomatic_complexity value="0" level="0" />
<lines_of_comment value="0" level="0" />
<lines_of_code_per_line_of_comment value="------" level="0" />
<McCabes_cyclomatic_complexity_per_line_of_comment value="------" level="0" />
<description>definition</description>
<source_reference file="Source.cpp" line="190" />
<lines_of_code value="8" level="0" />
<McCabes_cyclomatic_complexity value="0" level="0" />
<lines_of_comment value="0" level="0" />
<lines_of_code_per_line_of_comment value="------" level="0" />
<McCabes_cyclomatic_complexity_per_line_of_comment value="------" level="0" />
</module_detail>
<procedural_detail>
<member_function>
<name>BackupQuestion(ofstream &amp;)</name>
<extent>
<description>declaration</description>
<source_reference file="Source.cpp" line="204" />
</extent>
<extent>
<description>definition</description>
<source_reference file="Source.cpp" line="2180" />
</extent>
<lines_of_code value="8" level="0" />
<McCabes_cyclomatic_complexity value="0" level="0" />
<lines_of_comment value="0" level="0" />
<lines_of_code_per_line_of_comment value="------" level="0" />
<McCabes_cyclomatic_complexity_per_line_of_comment value="------" level="0" />
</member_function>
<member_function>
<name>SetCLO(CLO *)</name>
<extent>
<description>declaration</description>
<source_reference file="Source.cpp" line="200" />
</extent>
<extent>
<description>definition</description>
<source_reference file="Source.cpp" line="2167" />
</extent>
<lines_of_code value="6" level="0" />
<McCabes_cyclomatic_complexity value="0" level="0" />
<lines_of_comment value="0" level="0" />
<lines_of_code_per_line_of_comment value="------" level="0" />
<McCabes_cyclomatic_complexity_per_line_of_comment value="------" level="0" />
</member_function>
<member_function>
<name>SetContent()</name>
<extent>
<description>declaration</description>
<source_reference file="Source.cpp" line="198" />
</extent>
<extent>
<description>definition</description>
<source_reference file="Source.cpp" line="2156" />
</extent>
<lines_of_code value="7" level="0" />
<McCabes_cyclomatic_complexity value="0" level="0" />
<lines_of_comment value="0" level="0" />
<lines_of_code_per_line_of_comment value="------" level="0" />
<McCabes_cyclomatic_complexity_per_line_of_comment value="------" level="0" />
</member_function>
<member_function>
<name>SetContent(ifstream &amp;)</name>
<extent>
<description>declaration</description>
<source_reference file="Source.cpp" line="199" />
</extent>
<extent>
<description>definition</description>
<source_reference file="Source.cpp" line="2162" />
</extent>
<lines_of_code value="6" level="0" />
<McCabes_cyclomatic_complexity value="0" level="0" />
<lines_of_comment value="0" level="0" />
<lines_of_code_per_line_of_comment value="------" level="0" />
<McCabes_cyclomatic_complexity_per_line_of_comment value="------" level="0" />
</member_function>
<member_function>
<name>SetEvalID(Evaluation *)</name>
<extent>
<description>declaration</description>
<source_reference file="Source.cpp" line="203" />
</extent>
<extent>
<description>definition</description>
<source_reference file="Source.cpp" line="2179" />
</extent>
<lines_of_code value="2" level="0" />
<McCabes_cyclomatic_complexity value="0" level="0" />
<lines_of_comment value="0" level="0" />
<lines_of_code_per_line_of_comment value="------" level="0" />
<McCabes_cyclomatic_complexity_per_line_of_comment value="------" level="0" />
</member_function>
<member_function>
<name>SetTeacher(Teacher *)</name>
<extent>
<description>declaration</description>
<source_reference file="Source.cpp" line="201" />
</extent>
<extent>
<description>definition</description>
<source_reference file="Source.cpp" line="2172" />
</extent>
<lines_of_code value="2" level="0" />
<McCabes_cyclomatic_complexity value="0" level="0" />
<lines_of_comment value="0" level="0" />
<lines_of_code_per_line_of_comment value="------" level="0" />
<McCabes_cyclomatic_complexity_per_line_of_comment value="------" level="0" />
</member_function>
<member_function>
<name>UpdateContent()</name>
<extent>
<description>declaration</description>
<source_reference file="Source.cpp" line="202" />
</extent>
<extent>
<description>definition</description>
<source_reference file="Source.cpp" line="2173" />
</extent>
<lines_of_code value="7" level="0" />
<McCabes_cyclomatic_complexity value="0" level="0" />
<lines_of_comment value="0" level="0" />
<lines_of_code_per_line_of_comment value="------" level="0" />
<McCabes_cyclomatic_complexity_per_line_of_comment value="------" level="0" />
</member_function>
<member_function>
<name>~Question()</name>
<extent>
<description>declaration</description>
<source_reference file="Source.cpp" line="205" />
</extent>
<extent>
<description>definition</description>
<source_reference file="Source.cpp" line="2213" />
</extent>
<lines_of_code value="5" level="0" />
<McCabes_cyclomatic_complexity value="0" level="0" />
<lines_of_comment value="0" level="0" />
<lines_of_code_per_line_of_comment value="------" level="0" />
<McCabes_cyclomatic_complexity_per_line_of_comment value="------" level="0" />
</member_function>
</procedural_detail>
<structural_detail>
<module>
<name>Question</name>
<client_module>
<name>CLO</name>
<visible>true</visible>
<concrete>false</concrete>
<extent>
<description>pass by reference</description>
<source_reference file="Source.cpp" line="110" />
</extent>
<extent>
<description>pass by reference</description>
<source_reference file="Source.cpp" line="111" />
</extent>
<extent>
<description>pass by reference</description>
<source_reference file="Source.cpp" line="433" />
</extent>
<extent>
<description>pass by reference</description>
<source_reference file="Source.cpp" line="434" />
</extent>
<name>Evaluation</name>
<visible>true</visible>
<concrete>false</concrete>
<extent>
<description>pass by reference</description>
<source_reference file="Source.cpp" line="223" />
</extent>
</client_module>
<supplier_module>
<name>CLO</name>
<visible>true</visible>
<concrete>false</concrete>
<extent>
<description>has by reference</description>
<source_reference file="Source.cpp" line="192" />
</extent>
<extent>
<description>pass by reference</description>
<source_reference file="Source.cpp" line="200" />
</extent>
<extent>
<description>pass by reference</description>
<source_reference file="Source.cpp" line="2167" />
</extent>
<name>Evaluation</name>
<visible>true</visible>
<concrete>false</concrete>
<extent>
<description>has by reference</description>
<source_reference file="Source.cpp" line="194" />
</extent>
<extent>
<description>pass by reference</description>
<source_reference file="Source.cpp" line="203" />
</extent>
<extent>
<description>pass by reference</description>
<source_reference file="Source.cpp" line="2179" />
</extent>
<name>Teacher</name>
<visible>true</visible>
<concrete>false</concrete>
<extent>
<description>has by reference</description>
<source_reference file="Source.cpp" line="193" />
</extent>
<extent>
<description>pass by reference</description>
<source_reference file="Source.cpp" line="201" />
</extent>
<extent>
<description>pass by reference</description>
<source_reference file="Source.cpp" line="2172" />
</extent>
<name>ifstream</name>
<visible>true</visible>
<concrete>false</concrete>
<extent>
<description>pass by reference</description>
<source_reference file="Source.cpp" line="199" />
</extent>
<extent>
<description>pass by reference</description>
<source_reference file="Source.cpp" line="2162" />
</extent>
<name>ofstream</name>
<visible>true</visible>
<concrete>false</concrete>
<extent>
<description>pass by reference</description>
<source_reference file="Source.cpp" line="204" />
</extent>
<extent>
<description>pass by reference</description>
<source_reference file="Source.cpp" line="2180" />
</extent>
<name>string</name>
<visible>false</visible>
<concrete>true</concrete>
<extent>
<description>has by value</description>
<source_reference file="Source.cpp" line="195" />
</extent>
</supplier_module>
</module>
</structural_detail>
</CCCC_Project>
