<?xml version="1.0" encoding="utf-8"?>
<!--Detailed report on module string-->
<CCCC_Project>
<module_summary>
<lines_of_code value="0" level="0" />
<lines_of_code_per_member_function value="******" level="0" />
<McCabes_cyclomatic_complexity value="0" level="0" />
<McCabes_cyclomatic_complexity_per_member_function value="******" level="0" />
<lines_of_code value="0" level="0" />
<lines_of_code_per_member_function value="********" level="0" />
<lines_of_code_per_line_of_comment value="------" level="0" />
<McCabes_cyclomatic_complexity_per_line_of_comment value="------" level="0" />
<weighted_methods_per_class_unity value="0" level="0" />
<weighted_methods_per_class_visibility value="0" level="0" />
<depth_of_inheritance_tree value="0" level="0" />
<number_of_children value="0" level="0" />
<coupling_between_objects value="5" level="0" />
<IF4 value="0" level="0" />
<IF4_per_member_function value="********" level="0" />
<IF4_visible value="0" level="0" />
<IF4_visible_per_member_function value="********" level="0" />
<IF4_concrete value="0" level="0" />
<IF4_concrete_per_member_function value="********" level="0" />
</module_summary>
<module_detail>
</module_detail>
<procedural_detail>
</procedural_detail>
<structural_detail>
<module>
<name>string</name>
<client_module>
<name>Entity</name>
<visible>true</visible>
<concrete>true</concrete>
<extent>
<description>has by value</description>
<source_reference file="Source.cpp" line="72" />
</extent>
<extent>
<description>has by value</description>
<source_reference file="Source.cpp" line="73" />
</extent>
<extent>
<description>pass by value</description>
<source_reference file="Source.cpp" line="76" />
</extent>
<extent>
<description>pass by value</description>
<source_reference file="Source.cpp" line="78" />
</extent>
<extent>
<description>pass by value</description>
<source_reference file="Source.cpp" line="385" />
</extent>
<extent>
<description>pass by value</description>
<source_reference file="Source.cpp" line="399" />
</extent>
<name>OBE</name>
<visible>true</visible>
<concrete>true</concrete>
<extent>
<description>pass by value</description>
<source_reference file="Source.cpp" line="324" />
</extent>
<extent>
<description>pass by value</description>
<source_reference file="Source.cpp" line="325" />
</extent>
<extent>
<description>pass by value</description>
<source_reference file="Source.cpp" line="326" />
</extent>
<extent>
<description>pass by value</description>
<source_reference file="Source.cpp" line="327" />
</extent>
<extent>
<description>pass by value</description>
<source_reference file="Source.cpp" line="328" />
</extent>
<extent>
<description>pass by value</description>
<source_reference file="Source.cpp" line="336" />
</extent>
<extent>
<description>pass by value</description>
<source_reference file="Source.cpp" line="337" />
</extent>
<extent>
<description>pass by value</description>
<source_reference file="Source.cpp" line="338" />
</extent>
<extent>
<description>pass by value</description>
<source_reference file="Source.cpp" line="339" />
</extent>
<extent>
<description>pass by value</description>
<source_reference file="Source.cpp" line="340" />
</extent>
<extent>
<description>pass by value</description>
<source_reference file="Source.cpp" line="341" />
</extent>
<extent>
<description>pass by value</description>
<source_reference file="Source.cpp" line="342" />
</extent>
<extent>
<description>pass by value</description>
<source_reference file="Source.cpp" line="343" />
</extent>
<extent>
<description>pass by value</description>
<source_reference file="Source.cpp" line="344" />
</extent>
<extent>
<description>pass by value</description>
<source_reference file="Source.cpp" line="346" />
</extent>
<extent>
<description>pass by value</description>
<source_reference file="Source.cpp" line="347" />
</extent>
<extent>
<description>pass by value</description>
<source_reference file="Source.cpp" line="348" />
</extent>
<extent>
<description>pass by value</description>
<source_reference file="Source.cpp" line="349" />
</extent>
<extent>
<description>pass by value</description>
<source_reference file="Source.cpp" line="355" />
</extent>
<extent>
<description>pass by value</description>
<source_reference file="Source.cpp" line="356" />
</extent>
<extent>
<description>pass by value</description>
<source_reference file="Source.cpp" line="357" />
</extent>
<extent>
<description>pass by value</description>
<source_reference file="Source.cpp" line="358" />
</extent>
<extent>
<description>pass by value</description>
<source_reference file="Source.cpp" line="359" />
</extent>
<extent>
<description>pass by value</description>
<source_reference file="Source.cpp" line="360" />
</extent>
<extent>
<description>pass by value</description>
<source_reference file="Source.cpp" line="361" />
</extent>
<extent>
<description>pass by value</description>
<source_reference file="Source.cpp" line="362" />
</extent>
<extent>
<description>pass by value</description>
<source_reference file="Source.cpp" line="537" />
</extent>
<extent>
<description>pass by value</description>
<source_reference file="Source.cpp" line="538" />
</extent>
<extent>
<description>pass by value</description>
<source_reference file="Source.cpp" line="539" />
</extent>
<extent>
<description>pass by value</description>
<source_reference file="Source.cpp" line="540" />
</extent>
<extent>
<description>pass by value</description>
<source_reference file="Source.cpp" line="541" />
</extent>
<extent>
<description>pass by value</description>
<source_reference file="Source.cpp" line="605" />
</extent>
<extent>
<description>pass by value</description>
<source_reference file="Source.cpp" line="636" />
</extent>
<extent>
<description>pass by value</description>
<source_reference file="Source.cpp" line="656" />
</extent>
<extent>
<description>pass by value</description>
<source_reference file="Source.cpp" line="693" />
</extent>
<extent>
<description>pass by value</description>
<source_reference file="Source.cpp" line="724" />
</extent>
<extent>
<description>pass by value</description>
<source_reference file="Source.cpp" line="765" />
</extent>
<extent>
<description>pass by value</description>
<source_reference file="Source.cpp" line="812" />
</extent>
<extent>
<description>pass by value</description>
<source_reference file="Source.cpp" line="829" />
</extent>
<extent>
<description>pass by value</description>
<source_reference file="Source.cpp" line="846" />
</extent>
<extent>
<description>pass by value</description>
<source_reference file="Source.cpp" line="863" />
</extent>
<extent>
<description>pass by value</description>
<source_reference file="Source.cpp" line="872" />
</extent>
<extent>
<description>pass by value</description>
<source_reference file="Source.cpp" line="881" />
</extent>
<extent>
<description>pass by value</description>
<source_reference file="Source.cpp" line="890" />
</extent>
<extent>
<description>pass by value</description>
<source_reference file="Source.cpp" line="1077" />
</extent>
<extent>
<description>pass by value</description>
<source_reference file="Source.cpp" line="1100" />
</extent>
<extent>
<description>pass by value</description>
<source_reference file="Source.cpp" line="1121" />
</extent>
<extent>
<description>pass by value</description>
<source_reference file="Source.cpp" line="1144" />
</extent>
<extent>
<description>pass by value</description>
<source_reference file="Source.cpp" line="1166" />
</extent>
<extent>
<description>pass by value</description>
<source_reference file="Source.cpp" line="1188" />
</extent>
<extent>
<description>pass by value</description>
<source_reference file="Source.cpp" line="1208" />
</extent>
<extent>
<description>pass by value</description>
<source_reference file="Source.cpp" line="1227" />
</extent>
<name>Question</name>
<visible>false</visible>
<concrete>true</concrete>
<extent>
<description>has by value</description>
<source_reference file="Source.cpp" line="195" />
</extent>
<name>Teacher</name>
<visible>true</visible>
<concrete>true</concrete>
<extent>
<description>pass by value</description>
<source_reference file="Source.cpp" line="256" />
</extent>
<extent>
<description>pass by value</description>
<source_reference file="Source.cpp" line="2019" />
</extent>
<name>Topic</name>
<visible>true</visible>
<concrete>true</concrete>
<extent>
<description>has by value</description>
<source_reference file="Source.cpp" line="167" />
</extent>
<extent>
<description>pass by reference</description>
<source_reference file="Source.cpp" line="173" />
</extent>
<extent>
<description>pass by reference</description>
<source_reference file="Source.cpp" line="492" />
</extent>
</client_module>
<supplier_module>
</supplier_module>
</module>
</structural_detail>
</CCCC_Project>
