<?xml version="1.0" encoding="utf-8"?>
<!--Detailed report on module Teaching-->
<CCCC_Project>
<module_summary>
<lines_of_code value="15" level="0" />
<lines_of_code_per_member_function value="******" level="0" />
<McCabes_cyclomatic_complexity value="2" level="0" />
<McCabes_cyclomatic_complexity_per_member_function value="******" level="2" />
<lines_of_code value="0" level="0" />
<lines_of_code_per_member_function value="********" level="0" />
<lines_of_code_per_line_of_comment value="------" level="0" />
<McCabes_cyclomatic_complexity_per_line_of_comment value="------" level="0" />
<weighted_methods_per_class_unity value="4" level="0" />
<weighted_methods_per_class_visibility value="4" level="0" />
<depth_of_inheritance_tree value="0" level="0" />
<number_of_children value="0" level="0" />
<coupling_between_objects value="4" level="0" />
<IF4 value="16" level="0" />
<IF4_per_member_function value="********" level="2" />
<IF4_visible value="16" level="0" />
<IF4_visible_per_member_function value="********" level="2" />
<IF4_concrete value="0" level="0" />
<IF4_concrete_per_member_function value="********" level="0" />
</module_summary>
<module_detail>
<description>declaration</description>
<source_reference file="Source.cpp" line="66" />
<lines_of_code value="1" level="0" />
<McCabes_cyclomatic_complexity value="0" level="0" />
<lines_of_comment value="0" level="0" />
<lines_of_code_per_line_of_comment value="------" level="0" />
<McCabes_cyclomatic_complexity_per_line_of_comment value="------" level="0" />
<description>definition</description>
<source_reference file="Source.cpp" line="178" />
<lines_of_code value="6" level="0" />
<McCabes_cyclomatic_complexity value="0" level="0" />
<lines_of_comment value="0" level="0" />
<lines_of_code_per_line_of_comment value="------" level="0" />
<McCabes_cyclomatic_complexity_per_line_of_comment value="------" level="0" />
</module_detail>
<procedural_detail>
<member_function>
<name>GetCLOs()</name>
<extent>
<description>declaration</description>
<source_reference file="Source.cpp" line="188" />
</extent>
<extent>
<description>definition</description>
<source_reference file="Source.cpp" line="1605" />
</extent>
<lines_of_code value="2" level="0" />
<McCabes_cyclomatic_complexity value="1" level="0" />
<lines_of_comment value="0" level="0" />
<lines_of_code_per_line_of_comment value="------" level="0" />
<McCabes_cyclomatic_complexity_per_line_of_comment value="------" level="0" />
</member_function>
<member_function>
<name>GetCourse()</name>
<extent>
<description>declaration</description>
<source_reference file="Source.cpp" line="187" />
</extent>
<extent>
<description>definition</description>
<source_reference file="Source.cpp" line="1604" />
</extent>
<lines_of_code value="2" level="0" />
<McCabes_cyclomatic_complexity value="1" level="0" />
<lines_of_comment value="0" level="0" />
<lines_of_code_per_line_of_comment value="------" level="0" />
<McCabes_cyclomatic_complexity_per_line_of_comment value="------" level="0" />
</member_function>
<member_function>
<name>SetCourse(Course *)</name>
<extent>
<description>declaration</description>
<source_reference file="Source.cpp" line="186" />
</extent>
<extent>
<description>definition</description>
<source_reference file="Source.cpp" line="1603" />
</extent>
<lines_of_code value="2" level="0" />
<McCabes_cyclomatic_complexity value="0" level="0" />
<lines_of_comment value="0" level="0" />
<lines_of_code_per_line_of_comment value="------" level="0" />
<McCabes_cyclomatic_complexity_per_line_of_comment value="------" level="0" />
</member_function>
<member_function>
<name>SetTeacher(Employee *)</name>
<extent>
<description>declaration</description>
<source_reference file="Source.cpp" line="185" />
</extent>
<extent>
<description>definition</description>
<source_reference file="Source.cpp" line="1602" />
</extent>
<lines_of_code value="2" level="0" />
<McCabes_cyclomatic_complexity value="0" level="0" />
<lines_of_comment value="0" level="0" />
<lines_of_code_per_line_of_comment value="------" level="0" />
<McCabes_cyclomatic_complexity_per_line_of_comment value="------" level="0" />
</member_function>
</procedural_detail>
<structural_detail>
<module>
<name>Teaching</name>
<client_module>
<name>Course</name>
<visible>true</visible>
<concrete>false</concrete>
<extent>
<description>pass by reference</description>
<source_reference file="Source.cpp" line="130" />
</extent>
<extent>
<description>pass by reference</description>
<source_reference file="Source.cpp" line="466" />
</extent>
<name>Teacher</name>
<visible>true</visible>
<concrete>false</concrete>
<extent>
<description>pass by reference</description>
<source_reference file="Source.cpp" line="254" />
</extent>
<extent>
<description>pass by reference</description>
<source_reference file="Source.cpp" line="1607" />
</extent>
</client_module>
<supplier_module>
<name>Course</name>
<visible>true</visible>
<concrete>false</concrete>
<extent>
<description>has by reference</description>
<source_reference file="Source.cpp" line="181" />
</extent>
<extent>
<description>pass by reference</description>
<source_reference file="Source.cpp" line="186" />
</extent>
<extent>
<description>pass by reference</description>
<source_reference file="Source.cpp" line="1603" />
</extent>
<name>Employee</name>
<visible>true</visible>
<concrete>false</concrete>
<extent>
<description>has by reference</description>
<source_reference file="Source.cpp" line="180" />
</extent>
<extent>
<description>pass by reference</description>
<source_reference file="Source.cpp" line="185" />
</extent>
<extent>
<description>pass by reference</description>
<source_reference file="Source.cpp" line="1602" />
</extent>
</supplier_module>
</module>
</structural_detail>
</CCCC_Project>
