<?xml version="1.0" encoding="utf-8"?>
<!--Detailed report on module Teacher-->
<CCCC_Project>
<module_summary>
<lines_of_code value="429" level="0" />
<lines_of_code_per_member_function value="******" level="0" />
<McCabes_cyclomatic_complexity value="73" level="0" />
<McCabes_cyclomatic_complexity_per_member_function value="******" level="2" />
<lines_of_code value="0" level="0" />
<lines_of_code_per_member_function value="********" level="0" />
<lines_of_code_per_line_of_comment value="******" level="2" />
<McCabes_cyclomatic_complexity_per_line_of_comment value="******" level="2" />
<weighted_methods_per_class_unity value="22" level="0" />
<weighted_methods_per_class_visibility value="22" level="0" />
<depth_of_inheritance_tree value="2" level="0" />
<number_of_children value="0" level="0" />
<coupling_between_objects value="8" level="0" />
<IF4 value="225" level="1" />
<IF4_per_member_function value="********" level="2" />
<IF4_visible value="225" level="2" />
<IF4_visible_per_member_function value="********" level="2" />
<IF4_concrete value="0" level="0" />
<IF4_concrete_per_member_function value="********" level="0" />
</module_summary>
<module_detail>
<description>declaration</description>
<source_reference file="Source.cpp" line="150" />
<lines_of_code value="1" level="0" />
<McCabes_cyclomatic_complexity value="0" level="0" />
<lines_of_comment value="0" level="0" />
<lines_of_code_per_line_of_comment value="------" level="0" />
<McCabes_cyclomatic_complexity_per_line_of_comment value="------" level="0" />
<description>declaration</description>
<source_reference file="Source.cpp" line="164" />
<lines_of_code value="1" level="0" />
<McCabes_cyclomatic_complexity value="0" level="0" />
<lines_of_comment value="0" level="0" />
<lines_of_code_per_line_of_comment value="------" level="0" />
<McCabes_cyclomatic_complexity_per_line_of_comment value="------" level="0" />
<description>declaration</description>
<source_reference file="Source.cpp" line="207" />
<lines_of_code value="1" level="0" />
<McCabes_cyclomatic_complexity value="0" level="0" />
<lines_of_comment value="0" level="0" />
<lines_of_code_per_line_of_comment value="------" level="0" />
<McCabes_cyclomatic_complexity_per_line_of_comment value="------" level="0" />
<description>definition</description>
<source_reference file="Source.cpp" line="245" />
<lines_of_code value="7" level="0" />
<McCabes_cyclomatic_complexity value="0" level="0" />
<lines_of_comment value="0" level="0" />
<lines_of_code_per_line_of_comment value="------" level="0" />
<McCabes_cyclomatic_complexity_per_line_of_comment value="------" level="0" />
</module_detail>
<procedural_detail>
<member_function>
<name>AddEvalsFromUser()</name>
<extent>
<description>declaration</description>
<source_reference file="Source.cpp" line="263" />
</extent>
<extent>
<description>definition</description>
<source_reference file="Source.cpp" line="1669" />
</extent>
<lines_of_code value="43" level="1" />
<McCabes_cyclomatic_complexity value="11" level="1" />
<lines_of_comment value="0" level="0" />
<lines_of_code_per_line_of_comment value="******" level="2" />
<McCabes_cyclomatic_complexity_per_line_of_comment value="******" level="2" />
</member_function>
<member_function>
<name>AddItem()</name>
<extent>
<description>declaration</description>
<source_reference file="Source.cpp" line="274" />
</extent>
<extent>
<description>definition</description>
<source_reference file="Source.cpp" line="1924" />
</extent>
<lines_of_code value="35" level="1" />
<McCabes_cyclomatic_complexity value="7" level="0" />
<lines_of_comment value="0" level="0" />
<lines_of_code_per_line_of_comment value="******" level="2" />
<McCabes_cyclomatic_complexity_per_line_of_comment value="******" level="2" />
</member_function>
<member_function>
<name>AddQuestionFromUser()</name>
<extent>
<description>declaration</description>
<source_reference file="Source.cpp" line="264" />
</extent>
<extent>
<description>definition</description>
<source_reference file="Source.cpp" line="1715" />
</extent>
<lines_of_code value="19" level="0" />
<McCabes_cyclomatic_complexity value="2" level="0" />
<lines_of_comment value="0" level="0" />
<lines_of_code_per_line_of_comment value="------" level="0" />
<McCabes_cyclomatic_complexity_per_line_of_comment value="------" level="0" />
</member_function>
<member_function>
<name>AddTeaching(Teaching *)</name>
<extent>
<description>declaration</description>
<source_reference file="Source.cpp" line="254" />
</extent>
<extent>
<description>definition</description>
<source_reference file="Source.cpp" line="1607" />
</extent>
<lines_of_code value="2" level="0" />
<McCabes_cyclomatic_complexity value="0" level="0" />
<lines_of_comment value="0" level="0" />
<lines_of_code_per_line_of_comment value="------" level="0" />
<McCabes_cyclomatic_complexity_per_line_of_comment value="------" level="0" />
</member_function>
<member_function>
<name>AddTopicFromFile(ifstream &amp;)</name>
<extent>
<description>declaration</description>
<source_reference file="Source.cpp" line="258" />
</extent>
<extent>
<description>definition</description>
<source_reference file="Source.cpp" line="1608" />
</extent>
<lines_of_code value="16" level="0" />
<McCabes_cyclomatic_complexity value="2" level="0" />
<lines_of_comment value="0" level="0" />
<lines_of_code_per_line_of_comment value="------" level="0" />
<McCabes_cyclomatic_complexity_per_line_of_comment value="------" level="0" />
</member_function>
<member_function>
<name>AddTopicFromUser()</name>
<extent>
<description>declaration</description>
<source_reference file="Source.cpp" line="262" />
</extent>
<extent>
<description>definition</description>
<source_reference file="Source.cpp" line="1650" />
</extent>
<lines_of_code value="18" level="0" />
<McCabes_cyclomatic_complexity value="2" level="0" />
<lines_of_comment value="0" level="0" />
<lines_of_code_per_line_of_comment value="------" level="0" />
<McCabes_cyclomatic_complexity_per_line_of_comment value="------" level="0" />
</member_function>
<member_function>
<name>EmployeeMenu()</name>
<extent>
<description>declaration</description>
<source_reference file="Source.cpp" line="282" />
</extent>
<extent>
<description>definition</description>
<source_reference file="Source.cpp" line="1966" />
</extent>
<lines_of_code value="35" level="1" />
<McCabes_cyclomatic_complexity value="7" level="0" />
<lines_of_comment value="0" level="0" />
<lines_of_code_per_line_of_comment value="******" level="2" />
<McCabes_cyclomatic_complexity_per_line_of_comment value="******" level="2" />
</member_function>
<member_function>
<name>FindAssignedCourse(string)</name>
<extent>
<description>declaration</description>
<source_reference file="Source.cpp" line="256" />
</extent>
<extent>
<description>definition</description>
<source_reference file="Source.cpp" line="2019" />
</extent>
<lines_of_code value="13" level="0" />
<McCabes_cyclomatic_complexity value="4" level="0" />
<lines_of_comment value="0" level="0" />
<lines_of_code_per_line_of_comment value="------" level="0" />
<McCabes_cyclomatic_complexity_per_line_of_comment value="------" level="0" />
</member_function>
<member_function>
<name>GetCLOsOfCourses()</name>
<extent>
<description>declaration</description>
<source_reference file="Source.cpp" line="255" />
</extent>
<extent>
<description>definition</description>
<source_reference file="Source.cpp" line="2031" />
</extent>
<lines_of_code value="14" level="0" />
<McCabes_cyclomatic_complexity value="3" level="0" />
<lines_of_comment value="0" level="0" />
<lines_of_code_per_line_of_comment value="------" level="0" />
<McCabes_cyclomatic_complexity_per_line_of_comment value="------" level="0" />
</member_function>
<member_function>
<name>GetEvals()</name>
<extent>
<description>declaration</description>
<source_reference file="Source.cpp" line="279" />
</extent>
<extent>
<description>definition</description>
<source_reference file="Source.cpp" line="1964" />
</extent>
<lines_of_code value="2" level="0" />
<McCabes_cyclomatic_complexity value="1" level="0" />
<lines_of_comment value="0" level="0" />
<lines_of_code_per_line_of_comment value="------" level="0" />
<McCabes_cyclomatic_complexity_per_line_of_comment value="------" level="0" />
</member_function>
<member_function>
<name>GetQuestions()</name>
<extent>
<description>declaration</description>
<source_reference file="Source.cpp" line="280" />
</extent>
<extent>
<description>definition</description>
<source_reference file="Source.cpp" line="2005" />
</extent>
<lines_of_code value="14" level="0" />
<McCabes_cyclomatic_complexity value="3" level="0" />
<lines_of_comment value="0" level="0" />
<lines_of_code_per_line_of_comment value="------" level="0" />
<McCabes_cyclomatic_complexity_per_line_of_comment value="------" level="0" />
</member_function>
<member_function>
<name>GetTopics()</name>
<extent>
<description>declaration</description>
<source_reference file="Source.cpp" line="278" />
</extent>
<extent>
<description>definition</description>
<source_reference file="Source.cpp" line="1963" />
</extent>
<lines_of_code value="2" level="0" />
<McCabes_cyclomatic_complexity value="1" level="0" />
<lines_of_comment value="0" level="0" />
<lines_of_code_per_line_of_comment value="------" level="0" />
<McCabes_cyclomatic_complexity_per_line_of_comment value="------" level="0" />
</member_function>
<member_function>
<name>ReadEvalsFromFile(ifstream &amp;)</name>
<extent>
<description>declaration</description>
<source_reference file="Source.cpp" line="259" />
</extent>
<extent>
<description>definition</description>
<source_reference file="Source.cpp" line="1624" />
</extent>
<lines_of_code value="18" level="0" />
<McCabes_cyclomatic_complexity value="2" level="0" />
<lines_of_comment value="0" level="0" />
<lines_of_code_per_line_of_comment value="------" level="0" />
<McCabes_cyclomatic_complexity_per_line_of_comment value="------" level="0" />
</member_function>
<member_function>
<name>ReadQuestionsFromFile(ifstream &amp;)</name>
<extent>
<description>declaration</description>
<source_reference file="Source.cpp" line="260" />
</extent>
<extent>
<description>definition</description>
<source_reference file="Source.cpp" line="1642" />
</extent>
<lines_of_code value="8" level="0" />
<McCabes_cyclomatic_complexity value="0" level="0" />
<lines_of_comment value="0" level="0" />
<lines_of_code_per_line_of_comment value="------" level="0" />
<McCabes_cyclomatic_complexity_per_line_of_comment value="------" level="0" />
</member_function>
<member_function>
<name>RemoveEvaluation()</name>
<extent>
<description>declaration</description>
<source_reference file="Source.cpp" line="271" />
</extent>
<extent>
<description>definition</description>
<source_reference file="Source.cpp" line="1809" />
</extent>
<lines_of_code value="19" level="0" />
<McCabes_cyclomatic_complexity value="2" level="0" />
<lines_of_comment value="0" level="0" />
<lines_of_code_per_line_of_comment value="------" level="0" />
<McCabes_cyclomatic_complexity_per_line_of_comment value="------" level="0" />
</member_function>
<member_function>
<name>RemoveItem()</name>
<extent>
<description>declaration</description>
<source_reference file="Source.cpp" line="276" />
</extent>
<extent>
<description>definition</description>
<source_reference file="Source.cpp" line="1886" />
</extent>
<lines_of_code value="35" level="1" />
<McCabes_cyclomatic_complexity value="7" level="0" />
<lines_of_comment value="0" level="0" />
<lines_of_code_per_line_of_comment value="******" level="2" />
<McCabes_cyclomatic_complexity_per_line_of_comment value="******" level="2" />
</member_function>
<member_function>
<name>RemoveQuestion()</name>
<extent>
<description>declaration</description>
<source_reference file="Source.cpp" line="272" />
</extent>
<extent>
<description>definition</description>
<source_reference file="Source.cpp" line="1827" />
</extent>
<lines_of_code value="19" level="0" />
<McCabes_cyclomatic_complexity value="2" level="0" />
<lines_of_comment value="0" level="0" />
<lines_of_code_per_line_of_comment value="------" level="0" />
<McCabes_cyclomatic_complexity_per_line_of_comment value="------" level="0" />
</member_function>
<member_function>
<name>RemoveTopic()</name>
<extent>
<description>declaration</description>
<source_reference file="Source.cpp" line="270" />
</extent>
<extent>
<description>definition</description>
<source_reference file="Source.cpp" line="1790" />
</extent>
<lines_of_code value="20" level="0" />
<McCabes_cyclomatic_complexity value="3" level="0" />
<lines_of_comment value="0" level="0" />
<lines_of_code_per_line_of_comment value="******" level="0" />
<McCabes_cyclomatic_complexity_per_line_of_comment value="------" level="0" />
</member_function>
<member_function>
<name>UpdateEvaluation()</name>
<extent>
<description>declaration</description>
<source_reference file="Source.cpp" line="267" />
</extent>
<extent>
<description>definition</description>
<source_reference file="Source.cpp" line="1756" />
</extent>
<lines_of_code value="18" level="0" />
<McCabes_cyclomatic_complexity value="2" level="0" />
<lines_of_comment value="0" level="0" />
<lines_of_code_per_line_of_comment value="------" level="0" />
<McCabes_cyclomatic_complexity_per_line_of_comment value="------" level="0" />
</member_function>
<member_function>
<name>UpdateItem()</name>
<extent>
<description>declaration</description>
<source_reference file="Source.cpp" line="275" />
</extent>
<extent>
<description>definition</description>
<source_reference file="Source.cpp" line="1846" />
</extent>
<lines_of_code value="35" level="1" />
<McCabes_cyclomatic_complexity value="7" level="0" />
<lines_of_comment value="0" level="0" />
<lines_of_code_per_line_of_comment value="******" level="2" />
<McCabes_cyclomatic_complexity_per_line_of_comment value="******" level="2" />
</member_function>
<member_function>
<name>UpdateQuestion()</name>
<extent>
<description>declaration</description>
<source_reference file="Source.cpp" line="268" />
</extent>
<extent>
<description>definition</description>
<source_reference file="Source.cpp" line="1774" />
</extent>
<lines_of_code value="15" level="0" />
<McCabes_cyclomatic_complexity value="2" level="0" />
<lines_of_comment value="0" level="0" />
<lines_of_code_per_line_of_comment value="------" level="0" />
<McCabes_cyclomatic_complexity_per_line_of_comment value="------" level="0" />
</member_function>
<member_function>
<name>UpdateTopic()</name>
<extent>
<description>declaration</description>
<source_reference file="Source.cpp" line="266" />
</extent>
<extent>
<description>definition</description>
<source_reference file="Source.cpp" line="1736" />
</extent>
<lines_of_code value="19" level="0" />
<McCabes_cyclomatic_complexity value="3" level="0" />
<lines_of_comment value="0" level="0" />
<lines_of_code_per_line_of_comment value="------" level="0" />
<McCabes_cyclomatic_complexity_per_line_of_comment value="------" level="0" />
</member_function>
</procedural_detail>
<structural_detail>
<module>
<name>Teacher</name>
<client_module>
<name>Evaluation</name>
<visible>true</visible>
<concrete>false</concrete>
<extent>
<description>has by reference</description>
<source_reference file="Source.cpp" line="213" />
</extent>
<extent>
<description>pass by reference</description>
<source_reference file="Source.cpp" line="222" />
</extent>
<extent>
<description>pass by reference</description>
<source_reference file="Source.cpp" line="2126" />
</extent>
<name>Question</name>
<visible>true</visible>
<concrete>false</concrete>
<extent>
<description>has by reference</description>
<source_reference file="Source.cpp" line="193" />
</extent>
<extent>
<description>pass by reference</description>
<source_reference file="Source.cpp" line="201" />
</extent>
<extent>
<description>pass by reference</description>
<source_reference file="Source.cpp" line="2172" />
</extent>
<name>Topic</name>
<visible>true</visible>
<concrete>false</concrete>
<extent>
<description>has by reference</description>
<source_reference file="Source.cpp" line="169" />
</extent>
<extent>
<description>pass by reference</description>
<source_reference file="Source.cpp" line="173" />
</extent>
<extent>
<description>pass by reference</description>
<source_reference file="Source.cpp" line="492" />
</extent>
</client_module>
<supplier_module>
<name>Employee</name>
<visible>true</visible>
<concrete>true</concrete>
<extent>
<description>inheritance</description>
<source_reference file="Source.cpp" line="245" />
</extent>
<name>Teaching</name>
<visible>true</visible>
<concrete>false</concrete>
<extent>
<description>pass by reference</description>
<source_reference file="Source.cpp" line="254" />
</extent>
<extent>
<description>pass by reference</description>
<source_reference file="Source.cpp" line="1607" />
</extent>
<name>ifstream</name>
<visible>true</visible>
<concrete>false</concrete>
<extent>
<description>pass by reference</description>
<source_reference file="Source.cpp" line="258" />
</extent>
<extent>
<description>pass by reference</description>
<source_reference file="Source.cpp" line="259" />
</extent>
<extent>
<description>pass by reference</description>
<source_reference file="Source.cpp" line="260" />
</extent>
<extent>
<description>pass by reference</description>
<source_reference file="Source.cpp" line="1608" />
</extent>
<extent>
<description>pass by reference</description>
<source_reference file="Source.cpp" line="1624" />
</extent>
<extent>
<description>pass by reference</description>
<source_reference file="Source.cpp" line="1642" />
</extent>
<name>string</name>
<visible>true</visible>
<concrete>true</concrete>
<extent>
<description>pass by value</description>
<source_reference file="Source.cpp" line="256" />
</extent>
<extent>
<description>pass by value</description>
<source_reference file="Source.cpp" line="2019" />
</extent>
<name>vector</name>
<visible>true</visible>
<concrete>true</concrete>
<extent>
<description>has by value</description>
<source_reference file="Source.cpp" line="247" />
</extent>
<extent>
<description>has by value</description>
<source_reference file="Source.cpp" line="248" />
</extent>
<extent>
<description>has by value</description>
<source_reference file="Source.cpp" line="249" />
</extent>
</supplier_module>
</module>
</structural_detail>
</CCCC_Project>
