<?xml version="1.0" encoding="utf-8"?>
<!--Detailed report on module Topic-->
<CCCC_Project>
<module_summary>
<lines_of_code value="35" level="0" />
<lines_of_code_per_member_function value="******" level="0" />
<McCabes_cyclomatic_complexity value="0" level="0" />
<McCabes_cyclomatic_complexity_per_member_function value="******" level="0" />
<lines_of_code value="0" level="0" />
<lines_of_code_per_member_function value="********" level="0" />
<lines_of_code_per_line_of_comment value="******" level="2" />
<McCabes_cyclomatic_complexity_per_line_of_comment value="------" level="0" />
<weighted_methods_per_class_unity value="4" level="0" />
<weighted_methods_per_class_visibility value="4" level="0" />
<depth_of_inheritance_tree value="0" level="0" />
<number_of_children value="0" level="0" />
<coupling_between_objects value="4" level="0" />
<IF4 value="0" level="0" />
<IF4_per_member_function value="********" level="0" />
<IF4_visible value="0" level="0" />
<IF4_visible_per_member_function value="********" level="0" />
<IF4_concrete value="0" level="0" />
<IF4_concrete_per_member_function value="********" level="0" />
</module_summary>
<module_detail>
<description>declaration</description>
<source_reference file="Source.cpp" line="67" />
<lines_of_code value="1" level="0" />
<McCabes_cyclomatic_complexity value="0" level="0" />
<lines_of_comment value="0" level="0" />
<lines_of_code_per_line_of_comment value="------" level="0" />
<McCabes_cyclomatic_complexity_per_line_of_comment value="------" level="0" />
<description>declaration</description>
<source_reference file="Source.cpp" line="151" />
<lines_of_code value="1" level="0" />
<McCabes_cyclomatic_complexity value="0" level="0" />
<lines_of_comment value="0" level="0" />
<lines_of_code_per_line_of_comment value="------" level="0" />
<McCabes_cyclomatic_complexity_per_line_of_comment value="------" level="0" />
<description>definition</description>
<source_reference file="Source.cpp" line="165" />
<lines_of_code value="7" level="0" />
<McCabes_cyclomatic_complexity value="0" level="0" />
<lines_of_comment value="0" level="0" />
<lines_of_code_per_line_of_comment value="------" level="0" />
<McCabes_cyclomatic_complexity_per_line_of_comment value="------" level="0" />
</module_detail>
<procedural_detail>
<member_function>
<name>BackupTopicToFile(ofstream &amp;)</name>
<extent>
<description>declaration</description>
<source_reference file="Source.cpp" line="176" />
</extent>
<extent>
<description>definition</description>
<source_reference file="Source.cpp" line="2149" />
</extent>
<lines_of_code value="7" level="0" />
<McCabes_cyclomatic_complexity value="0" level="0" />
<lines_of_comment value="0" level="0" />
<lines_of_code_per_line_of_comment value="------" level="0" />
<McCabes_cyclomatic_complexity_per_line_of_comment value="------" level="0" />
</member_function>
<member_function>
<name>Display()</name>
<extent>
<description>declaration</description>
<source_reference file="Source.cpp" line="174" />
</extent>
<extent>
<description>definition</description>
<source_reference file="Source.cpp" line="2139" />
</extent>
<lines_of_code value="5" level="0" />
<McCabes_cyclomatic_complexity value="0" level="0" />
<lines_of_comment value="0" level="0" />
<lines_of_code_per_line_of_comment value="------" level="0" />
<McCabes_cyclomatic_complexity_per_line_of_comment value="------" level="0" />
</member_function>
<member_function>
<name>Topic(string &amp;,Course *,Teacher *)</name>
<extent>
<description>declaration</description>
<source_reference file="Source.cpp" line="173" />
</extent>
<extent>
<description>definition</description>
<source_reference file="Source.cpp" line="492" />
</extent>
<lines_of_code value="7" level="0" />
<McCabes_cyclomatic_complexity value="0" level="0" />
<lines_of_comment value="0" level="0" />
<lines_of_code_per_line_of_comment value="------" level="0" />
<McCabes_cyclomatic_complexity_per_line_of_comment value="------" level="0" />
</member_function>
<member_function>
<name>UpdateContent()</name>
<extent>
<description>declaration</description>
<source_reference file="Source.cpp" line="175" />
</extent>
<extent>
<description>definition</description>
<source_reference file="Source.cpp" line="2143" />
</extent>
<lines_of_code value="7" level="0" />
<McCabes_cyclomatic_complexity value="0" level="0" />
<lines_of_comment value="0" level="0" />
<lines_of_code_per_line_of_comment value="------" level="0" />
<McCabes_cyclomatic_complexity_per_line_of_comment value="------" level="0" />
</member_function>
</procedural_detail>
<structural_detail>
<module>
<name>Topic</name>
<client_module>
</client_module>
<supplier_module>
<name>Course</name>
<visible>true</visible>
<concrete>false</concrete>
<extent>
<description>has by reference</description>
<source_reference file="Source.cpp" line="168" />
</extent>
<extent>
<description>pass by reference</description>
<source_reference file="Source.cpp" line="173" />
</extent>
<extent>
<description>pass by reference</description>
<source_reference file="Source.cpp" line="492" />
</extent>
<name>Teacher</name>
<visible>true</visible>
<concrete>false</concrete>
<extent>
<description>has by reference</description>
<source_reference file="Source.cpp" line="169" />
</extent>
<extent>
<description>pass by reference</description>
<source_reference file="Source.cpp" line="173" />
</extent>
<extent>
<description>pass by reference</description>
<source_reference file="Source.cpp" line="492" />
</extent>
<name>ofstream</name>
<visible>true</visible>
<concrete>false</concrete>
<extent>
<description>pass by reference</description>
<source_reference file="Source.cpp" line="176" />
</extent>
<extent>
<description>pass by reference</description>
<source_reference file="Source.cpp" line="2149" />
</extent>
<name>string</name>
<visible>true</visible>
<concrete>true</concrete>
<extent>
<description>has by value</description>
<source_reference file="Source.cpp" line="167" />
</extent>
<extent>
<description>pass by reference</description>
<source_reference file="Source.cpp" line="173" />
</extent>
<extent>
<description>pass by reference</description>
<source_reference file="Source.cpp" line="492" />
</extent>
</supplier_module>
</module>
</structural_detail>
</CCCC_Project>
