<?xml version="1.0" encoding="utf-8"?>
<!--Detailed report on module vector-->
<CCCC_Project>
<module_summary>
<lines_of_code value="0" level="0" />
<lines_of_code_per_member_function value="******" level="0" />
<McCabes_cyclomatic_complexity value="0" level="0" />
<McCabes_cyclomatic_complexity_per_member_function value="******" level="0" />
<lines_of_code value="0" level="0" />
<lines_of_code_per_member_function value="********" level="0" />
<lines_of_code_per_line_of_comment value="------" level="0" />
<McCabes_cyclomatic_complexity_per_line_of_comment value="------" level="0" />
<weighted_methods_per_class_unity value="0" level="0" />
<weighted_methods_per_class_visibility value="0" level="0" />
<depth_of_inheritance_tree value="0" level="0" />
<number_of_children value="0" level="0" />
<coupling_between_objects value="7" level="0" />
<IF4 value="0" level="0" />
<IF4_per_member_function value="********" level="0" />
<IF4_visible value="0" level="0" />
<IF4_visible_per_member_function value="********" level="0" />
<IF4_concrete value="0" level="0" />
<IF4_concrete_per_member_function value="********" level="0" />
</module_summary>
<module_detail>
</module_detail>
<procedural_detail>
</procedural_detail>
<structural_detail>
<module>
<name>vector</name>
<client_module>
<name>CLO</name>
<visible>true</visible>
<concrete>true</concrete>
<extent>
<description>has by value</description>
<source_reference file="Source.cpp" line="104" />
</extent>
<name>Course</name>
<visible>true</visible>
<concrete>true</concrete>
<extent>
<description>has by value</description>
<source_reference file="Source.cpp" line="121" />
</extent>
<extent>
<description>has by value</description>
<source_reference file="Source.cpp" line="122" />
</extent>
<extent>
<description>has by value</description>
<source_reference file="Source.cpp" line="123" />
</extent>
<name>Evaluation</name>
<visible>true</visible>
<concrete>true</concrete>
<extent>
<description>has by value</description>
<source_reference file="Source.cpp" line="211" />
</extent>
<extent>
<description>has by value</description>
<source_reference file="Source.cpp" line="212" />
</extent>
<name>OBE</name>
<visible>false</visible>
<concrete>true</concrete>
<extent>
<description>has by value</description>
<source_reference file="Source.cpp" line="287" />
</extent>
<extent>
<description>has by value</description>
<source_reference file="Source.cpp" line="288" />
</extent>
<extent>
<description>has by value</description>
<source_reference file="Source.cpp" line="289" />
</extent>
<extent>
<description>has by value</description>
<source_reference file="Source.cpp" line="290" />
</extent>
<extent>
<description>has by value</description>
<source_reference file="Source.cpp" line="291" />
</extent>
<extent>
<description>has by value</description>
<source_reference file="Source.cpp" line="292" />
</extent>
<name>PLO</name>
<visible>true</visible>
<concrete>true</concrete>
<extent>
<description>has by value</description>
<source_reference file="Source.cpp" line="88" />
</extent>
<name>Program</name>
<visible>true</visible>
<concrete>true</concrete>
<extent>
<description>has by value</description>
<source_reference file="Source.cpp" line="139" />
</extent>
<extent>
<description>has by value</description>
<source_reference file="Source.cpp" line="140" />
</extent>
<name>Teacher</name>
<visible>true</visible>
<concrete>true</concrete>
<extent>
<description>has by value</description>
<source_reference file="Source.cpp" line="247" />
</extent>
<extent>
<description>has by value</description>
<source_reference file="Source.cpp" line="248" />
</extent>
<extent>
<description>has by value</description>
<source_reference file="Source.cpp" line="249" />
</extent>
</client_module>
<supplier_module>
</supplier_module>
</module>
</structural_detail>
</CCCC_Project>
